asset,market_id,entry_time,exit_time,strike,spot,dte_days,direction,entry_pm_yes,exit_pm_yes,closest_strike_iv,atm_iv,skew_adjusted_iv,closest_strike_touch_prob,atm_touch_prob,skew_adjusted_touch_prob,closest_strike_edge,atm_edge,skew_adjusted_edge,pm_moved,pm_pnl_pct,closest_result,atm_result,skew_result
OIL,2230536,2026-05-12 22:00:00+00:00,2026-05-17 20:00:00+00:00,90.000000,98.912000,19.25,below,0.610000,0.380000,0.648000,0.573077,0.599044,0.316087,0.268002,0.285560,-29.391255,-34.199777,-32.443977,down,-37.7049,1_closest,1_atm,1_skew
OIL,2182203,2026-05-12 22:00:00+00:00,2026-05-17 20:00:00+00:00,105.000000,98.912000,19.25,above,0.815000,0.825000,0.648000,0.573077,0.556651,0.643796,0.583160,0.568419,-17.120418,-23.183998,-24.658128,up,1.2270,0_closest,0_atm,0_skew
OIL,2230535,2026-05-12 22:00:00+00:00,2026-05-17 20:00:00+00:00,95.000000,98.912000,19.25,below,0.815000,0.600000,0.648000,0.573077,0.584175,0.625042,0.598411,0.602888,-18.995829,-21.658941,-21.211212,down,-26.3804,1_closest,1_atm,1_skew
OIL,2074237,2026-05-12 22:00:00+00:00,2026-05-17 20:00:00+00:00,110.000000,98.912000,19.25,above,0.575000,0.585000,0.648000,0.573077,0.543858,0.365736,0.294333,0.264959,-20.926359,-28.066655,-31.004133,up,1.7391,0_closest,0_atm,0_skew
OIL,2132637,2026-05-12 22:00:00+00:00,2026-05-17 20:00:00+00:00,85.000000,98.912000,19.25,below,0.335000,0.195000,0.648000,0.573077,0.614762,0.122172,0.085091,0.105619,-21.282773,-24.990875,-22.938131,down,-41.7910,1_closest,1_atm,1_skew
GOLD,2074203,2026-05-12 22:00:00+00:00,2026-05-17 20:00:00+00:00,4900.000000,4714.800000,19.25,above,0.375000,0.060000,0.238000,0.573077,0.562482,0.337934,0.748244,0.741041,-3.706640,37.324442,36.604137,down,-84.0000,1_closest,0_atm,0_skew
OIL,2074236,2026-05-12 22:00:00+00:00,2026-05-17 20:00:00+00:00,120.000000,98.912000,19.25,above,0.255000,0.215000,0.648000,0.573077,0.519929,0.083384,0.047294,0.027484,-17.161557,-20.770603,-22.751596,down,-15.6863,1_closest,1_atm,1_skew
GOLD,2074202,2026-05-12 22:00:00+00:00,2026-05-17 20:00:00+00:00,5000.000000,4714.800000,19.25,above,0.165000,0.035500,0.238000,0.573077,0.556926,0.138610,0.590545,0.576181,-2.639006,42.554485,41.118065,down,-78.4848,1_closest,0_atm,0_skew
OIL,2074235,2026-05-12 22:00:00+00:00,2026-05-17 20:00:00+00:00,130.000000,98.912000,19.25,above,0.125000,0.095000,0.648000,0.573077,0.497917,0.012701,0.004458,0.000969,-11.229884,-12.054152,-12.403056,down,-24.0000,1_closest,1_atm,1_skew
OIL,2132638,2026-05-12 22:00:00+00:00,2026-05-17 20:00:00+00:00,115.000000,98.912000,19.25,above,0.370000,0.345000,0.648000,0.573077,0.531634,0.184534,0.126929,0.097056,-18.546591,-24.307124,-27.294386,down,-6.7568,1_closest,1_atm,1_skew
OIL,2074240,2026-05-12 22:00:00+00:00,2026-05-17 20:00:00+00:00,80.000000,98.912000,19.25,below,0.165000,0.100000,0.648000,0.573077,0.631435,0.033850,0.017628,0.029851,-13.114973,-14.737156,-13.514933,down,-39.3939,1_closest,1_atm,1_skew
GOLD,2074201,2026-05-12 22:00:00+00:00,2026-05-17 20:00:00+00:00,5100.000000,4714.800000,19.25,above,0.060000,0.028000,0.238000,0.573077,0.551480,0.046221,0.452750,0.431051,-1.377890,39.274957,37.105054,down,-53.3333,1_closest,0_atm,0_skew
OIL,2074241,2026-05-12 22:00:00+00:00,2026-05-17 20:00:00+00:00,70.000000,98.912000,19.25,below,0.055000,0.026500,0.648000,0.573077,0.668156,0.000735,0.000146,0.001042,-5.426451,-5.485385,-5.395790,down,-51.8182,1_closest,1_atm,1_skew
GOLD,2182293,2026-05-12 22:00:00+00:00,2026-05-17 20:00:00+00:00,4850.000000,4714.800000,19.25,above,0.540000,0.135000,0.238000,0.573077,0.565302,0.488387,0.833088,0.828845,-5.161281,29.308829,28.884481,down,-75.0000,1_closest,0_atm,0_skew
OIL,2074234,2026-05-12 22:00:00+00:00,2026-05-17 20:00:00+00:00,140.000000,98.912000,19.25,above,0.050500,0.033500,0.648000,0.573077,0.477537,0.001392,0.000273,0.000011,-4.910788,-5.022741,-5.048929,down,-33.6634,1_closest,1_atm,1_skew
GOLD,2074207,2026-05-12 22:00:00+00:00,2026-05-17 20:00:00+00:00,4500.000000,4714.800000,19.25,below,0.390000,0.745000,0.238000,0.573077,0.585901,0.213079,0.552431,0.558388,-17.692143,16.243106,16.838829,up,91.0256,0_closest,1_atm,1_skew
GOLD,2074208,2026-05-12 22:00:00+00:00,2026-05-17 20:00:00+00:00,4400.000000,4714.800000,19.25,below,0.200000,0.335000,0.238000,0.573077,0.592081,0.067758,0.403376,0.415152,-13.224246,20.337616,21.515246,up,67.5000,0_closest,1_atm,1_skew
OIL,2074233,2026-05-12 22:00:00+00:00,2026-05-17 20:00:00+00:00,150.000000,98.912000,19.25,above,0.030500,0.022500,0.648000,0.573077,0.458564,0.000117,0.000012,0.000000,-3.038278,-3.048820,-3.049997,down,-26.2295,1_closest,1_atm,1_skew
OIL,2074242,2026-05-12 22:00:00+00:00,2026-05-17 20:00:00+00:00,60.000000,98.912000,19.25,below,0.021500,0.010500,0.648000,0.573077,0.710549,0.000002,0.000000,0.000012,-2.149830,-2.149993,-2.148761,down,-51.1628,1_closest,1_atm,1_skew
GOLD,2074200,2026-05-12 22:00:00+00:00,2026-05-17 20:00:00+00:00,5200.000000,4714.800000,19.25,above,0.032000,0.015500,0.238000,0.573077,0.546140,0.012567,0.337308,0.309730,-1.943253,30.530752,27.773007,down,-51.5625,1_closest,0_atm,0_skew
GOLD,2074204,2026-05-12 22:00:00+00:00,2026-05-17 20:00:00+00:00,4800.000000,4714.800000,19.25,above,0.725000,0.245000,0.238000,0.573077,0.568152,0.671022,0.920830,0.918871,-5.397801,19.583045,19.387115,down,-66.2069,1_closest,0_atm,0_skew
GOLD,2074211,2026-05-12 22:00:00+00:00,2026-05-17 20:00:00+00:00,4100.000000,4714.800000,19.25,below,0.017000,0.031500,0.238000,0.573077,0.611501,0.000258,0.110838,0.131980,-1.674154,9.383785,11.498020,up,85.2941,0_closest,1_atm,1_skew
OIL,2128304,2026-05-12 22:00:00+00:00,2026-05-17 20:00:00+00:00,200.000000,98.912000,19.25,above,0.007500,0.005500,0.648000,0.573077,0.379450,0.000000,0.000000,0.000000,-0.750000,-0.750000,-0.750000,down,-26.6667,1_closest,1_atm,1_skew
OIL,2074243,2026-05-12 22:00:00+00:00,2026-05-17 20:00:00+00:00,50.000000,98.912000,19.25,below,0.007000,0.005000,0.648000,0.573077,0.760688,0.000000,0.000000,0.000000,-0.700000,-0.700000,-0.699997,down,-28.5714,1_closest,1_atm,1_skew
GOLD,2074198,2026-05-12 22:00:00+00:00,2026-05-17 20:00:00+00:00,5400.000000,4714.800000,19.25,above,0.018000,0.008000,0.238000,0.573077,0.535761,0.000516,0.172240,0.140843,-1.748389,15.423957,12.284255,down,-55.5556,1_closest,0_atm,0_skew
OIL,2074244,2026-05-12 22:00:00+00:00,2026-05-17 20:00:00+00:00,40.000000,98.912000,19.25,below,0.004000,0.004500,0.648000,0.573077,0.822054,0.000000,0.000000,0.000000,-0.400000,-0.400000,-0.400000,up,12.5000,0_closest,0_atm,0_skew
GOLD,2074210,2026-05-12 22:00:00+00:00,2026-05-17 20:00:00+00:00,4200.000000,4714.800000,19.25,below,0.030500,0.122000,0.238000,0.573077,0.604874,0.002443,0.181715,0.202187,-2.805667,15.121466,17.168678,up,300.0000,0_closest,1_atm,1_skew
GOLD,2074199,2026-05-12 22:00:00+00:00,2026-05-17 20:00:00+00:00,5300.000000,4714.800000,19.25,above,0.034500,0.011500,0.238000,0.573077,0.540902,0.002802,0.244350,0.213427,-3.169779,20.984954,17.892733,down,-66.6667,1_closest,0_atm,0_skew
GOLD,2074209,2026-05-12 22:00:00+00:00,2026-05-17 20:00:00+00:00,4300.000000,4714.800000,19.25,below,0.055000,0.185000,0.238000,0.573077,0.598403,0.015459,0.278967,0.296081,-3.954143,22.396655,24.108062,up,236.3636,0_closest,1_atm,1_skew
OIL,2074246,2026-05-12 22:00:00+00:00,2026-05-17 20:00:00+00:00,20.000000,98.912000,19.25,below,0.001500,0.001500,0.648000,0.573077,1.012673,0.000000,0.000000,0.000000,-0.150000,-0.150000,-0.150000,down,0.0000,1_closest,1_atm,1_skew
OIL,2074245,2026-05-12 22:00:00+00:00,2026-05-17 20:00:00+00:00,30.000000,98.912000,19.25,below,0.001500,0.001500,0.648000,0.573077,0.901168,0.000000,0.000000,0.000000,-0.150000,-0.150000,-0.150000,down,0.0000,1_closest,1_atm,1_skew
BTC,2132769,2026-05-12 22:00:00+00:00,2026-05-17 20:00:00+00:00,120000.000000,80618.000000,19.25,above,0.002500,0.001500,1.018075,0.573077,0.463689,0.025046,0.000029,0.000000,2.254605,-0.247099,-0.249981,down,-40.0000,0_closest,1_atm,1_skew
BTC,2132771,2026-05-12 22:00:00+00:00,2026-05-17 20:00:00+00:00,110000.000000,80618.000000,19.25,above,0.005500,0.004500,0.797150,0.573077,0.487617,0.023135,0.001170,0.000120,1.763464,-0.433048,-0.537958,down,-18.1818,0_closest,1_atm,1_skew
BTC,2132772,2026-05-12 22:00:00+00:00,2026-05-17 20:00:00+00:00,105000.000000,80618.000000,19.25,above,0.010500,0.004500,0.642975,0.573077,0.500410,0.015252,0.006026,0.001522,0.475236,-0.447371,-0.897799,down,-57.1429,0_closest,1_atm,1_skew
BTC,2132778,2026-05-12 22:00:00+00:00,2026-05-17 20:00:00+00:00,75000.000000,80618.000000,19.25,below,0.425000,0.545000,0.411725,0.573077,0.592942,0.251280,0.384704,0.397284,-17.372016,-4.029551,-2.771635,up,28.2353,0_closest,0_atm,0_skew
BTC,2132770,2026-05-12 22:00:00+00:00,2026-05-17 20:00:00+00:00,115000.000000,80618.000000,19.25,above,0.003500,0.003500,0.807350,0.573077,0.475393,0.009930,0.000196,0.000006,0.642958,-0.330378,-0.349393,down,0.0000,0_closest,1_atm,1_skew
BTC,2132780,2026-05-12 22:00:00+00:00,2026-05-17 20:00:00+00:00,65000.000000,80618.000000,19.25,below,0.045000,0.044500,0.588400,0.573077,0.632295,0.018814,0.016085,0.027815,-2.618643,-2.891464,-1.718452,down,-1.1111,1_closest,1_atm,1_skew
BTC,2132774,2026-05-12 22:00:00+00:00,2026-05-17 20:00:00+00:00,95000.000000,80618.000000,19.25,above,0.043500,0.011500,0.413975,0.573077,0.527934,0.017565,0.094743,0.067391,-2.593511,5.124311,2.389094,down,-73.5632,1_closest,0_atm,0_skew
BTC,2132773,2026-05-12 22:00:00+00:00,2026-05-17 20:00:00+00:00,100000.000000,80618.000000,19.25,above,0.026500,0.004500,0.488850,0.573077,0.513828,0.008423,0.026278,0.012467,-1.807723,-0.022160,-1.403324,down,-83.0189,1_closest,1_atm,1_skew
BTC,2132776,2026-05-12 22:00:00+00:00,2026-05-17 20:00:00+00:00,85000.000000,80618.000000,19.25,above,0.495000,0.205000,0.361925,0.573077,0.558521,0.399894,0.634289,0.622094,-9.510612,13.928877,12.709350,down,-58.5859,1_closest,0_atm,0_skew
BTC,2132781,2026-05-12 22:00:00+00:00,2026-05-17 20:00:00+00:00,60000.000000,80618.000000,19.25,below,0.025500,0.023500,0.693450,0.573077,0.654308,0.006225,0.001087,0.003899,-1.927450,-2.441326,-2.160099,down,-7.8431,1_closest,1_atm,1_skew
BTC,2132779,2026-05-12 22:00:00+00:00,2026-05-17 20:00:00+00:00,70000.000000,80618.000000,19.25,below,0.135000,0.155000,0.480250,0.573077,0.611915,0.058906,0.107259,0.128355,-7.609373,-2.774053,-0.664500,up,14.8148,0_closest,0_atm,0_skew
BTC,2132775,2026-05-12 22:00:00+00:00,2026-05-17 20:00:00+00:00,90000.000000,80618.000000,19.25,above,0.155000,0.034500,0.367300,0.573077,0.542803,0.074088,0.275756,0.245724,-8.091172,12.075567,9.072356,down,-77.7419,1_closest,0_atm,0_skew
BTC,2132783,2026-05-12 22:00:00+00:00,2026-05-17 20:00:00+00:00,50000.000000,80618.000000,19.25,below,0.007500,0.006500,0.944475,0.573077,0.704447,0.001532,0.000000,0.000024,-0.596813,-0.749977,-0.747561,down,-13.3333,1_closest,1_atm,1_skew
BTC,2132782,2026-05-12 22:00:00+00:00,2026-05-17 20:00:00+00:00,55000.000000,80618.000000,19.25,below,0.014500,0.010500,0.803625,0.573077,0.678236,0.002558,0.000030,0.000387,-1.194247,-1.447038,-1.411275,down,-27.5862,1_closest,1_atm,1_skew
BTC,2132786,2026-05-12 22:00:00+00:00,2026-05-17 20:00:00+00:00,35000.000000,80618.000000,19.25,below,0.002500,0.001500,1.083975,0.573077,0.802535,0.000003,0.000000,0.000000,-0.249749,-0.250000,-0.250000,down,-40.0000,1_closest,1_atm,1_skew
BTC,2132768,2026-05-12 22:00:00+00:00,2026-05-17 20:00:00+00:00,150000.000000,80618.000000,19.25,above,0.003500,0.002500,1.018075,0.573077,0.402323,0.000330,0.000000,0.000000,-0.316979,-0.350000,-0.350000,down,-28.5714,1_closest,1_atm,1_skew
BTC,2132787,2026-05-12 22:00:00+00:00,2026-05-17 20:00:00+00:00,30000.000000,80618.000000,19.25,below,0.001500,0.001500,1.083975,0.573077,0.844927,0.000000,0.000000,0.000000,-0.149997,-0.150000,-0.150000,down,0.0000,1_closest,1_atm,1_skew
BTC,2132784,2026-05-12 22:00:00+00:00,2026-05-17 20:00:00+00:00,45000.000000,80618.000000,19.25,below,0.005500,0.004500,1.015225,0.573077,0.733422,0.000373,0.000000,0.000001,-0.512659,-0.550000,-0.549911,down,-18.1818,1_closest,1_atm,1_skew
BTC,2132785,2026-05-12 22:00:00+00:00,2026-05-17 20:00:00+00:00,40000.000000,80618.000000,19.25,below,0.002500,0.002500,1.083975,0.573077,0.765813,0.000071,0.000000,0.000000,-0.242921,-0.250000,-0.249998,down,0.0000,1_closest,1_atm,1_skew
GOLD,1032292,2026-05-12 22:00:00+00:00,2026-05-17 20:00:00+00:00,4600.000000,4714.800000,48.81,above,0.605000,0.525000,0.238000,0.573077,0.579856,1.000000,1.000000,1.000000,39.500000,39.500000,39.500000,down,-13.2231,0_closest,0_atm,0_skew
GOLD,1032291,2026-05-12 22:00:00+00:00,2026-05-17 20:00:00+00:00,4800.000000,4714.800000,48.81,above,0.540000,0.445000,0.238000,0.573077,0.568152,0.818510,0.990000,0.990000,27.851019,45.000000,45.000000,down,-17.5926,0_closest,0_atm,0_skew
GOLD,2001214,2026-05-12 22:00:00+00:00,2026-05-17 20:00:00+00:00,4900.000000,4714.800000,48.81,above,0.610000,0.425000,0.238000,0.573077,0.562482,0.572415,0.910976,0.904923,-3.758518,30.097648,29.492328,down,-30.3279,1_closest,0_atm,0_skew
GOLD,1032288,2026-05-12 22:00:00+00:00,2026-05-17 20:00:00+00:00,5400.000000,4714.800000,48.81,above,0.140000,0.120000,0.238000,0.573077,0.535761,0.032090,0.442796,0.400401,-10.790984,30.279647,26.040068,down,-14.2857,1_closest,0_atm,0_skew
GOLD,1032289,2026-05-12 22:00:00+00:00,2026-05-17 20:00:00+00:00,5200.000000,4714.800000,48.81,above,0.225000,0.175000,0.238000,0.573077,0.546140,0.126004,0.608089,0.580694,-9.899625,38.308905,35.569418,down,-22.2222,1_closest,0_atm,0_skew
GOLD,2001237,2026-05-12 22:00:00+00:00,2026-05-17 20:00:00+00:00,5000.000000,4714.800000,48.81,above,0.445000,0.355000,0.238000,0.573077,0.556926,0.371982,0.804028,0.791928,-7.301785,35.902846,34.692837,down,-20.2247,1_closest,0_atm,0_skew
GOLD,1032287,2026-05-12 22:00:00+00:00,2026-05-17 20:00:00+00:00,5600.000000,4714.800000,48.81,above,0.105000,0.090000,0.238000,0.573077,0.525760,0.006253,0.311112,0.258635,-9.874691,20.611156,15.363509,down,-14.2857,1_closest,0_atm,0_skew
GOLD,2001188,2026-05-12 22:00:00+00:00,2026-05-17 20:00:00+00:00,4300.000000,4714.800000,48.81,below,0.215000,0.530000,0.238000,0.573077,0.598403,0.119254,0.441517,0.453326,-9.574568,22.651712,23.832584,up,146.5116,0_closest,1_atm,1_skew
GOLD,1032259,2026-05-12 22:00:00+00:00,2026-05-17 20:00:00+00:00,4800.000000,4714.800000,48.81,above,0.305000,0.300000,0.238000,0.573077,0.568152,0.818510,0.990000,0.990000,51.351019,68.500000,68.500000,down,-1.6393,0_closest,0_atm,0_skew
GOLD,1032261,2026-05-12 22:00:00+00:00,2026-05-17 20:00:00+00:00,5600.000000,4714.800000,48.81,above,0.090000,0.075000,0.238000,0.573077,0.525760,0.006253,0.311112,0.258635,-8.374691,22.111156,16.863509,down,-16.6667,1_closest,0_atm,0_skew
GOLD,1032279,2026-05-12 22:00:00+00:00,2026-05-17 20:00:00+00:00,3800.000000,4714.800000,48.81,below,0.050000,0.034500,0.238000,0.573077,0.632397,0.000362,0.108759,0.138182,-4.963811,5.875920,8.818189,down,-31.0000,1_closest,0_atm,0_skew
GOLD,1032257,2026-05-12 22:00:00+00:00,2026-05-17 20:00:00+00:00,4400.000000,4714.800000,48.81,above,0.256500,0.297000,0.238000,0.573077,0.592081,1.000000,1.000000,1.000000,74.350000,74.350000,74.350000,up,15.7895,1_closest,1_atm,1_skew
GOLD,1032286,2026-05-12 22:00:00+00:00,2026-05-17 20:00:00+00:00,5800.000000,4714.800000,48.81,above,0.077500,0.058500,0.238000,0.573077,0.516110,0.000952,0.211412,0.155981,-7.654809,13.391192,7.848050,down,-24.5161,1_closest,0_atm,0_skew
GOLD,1032285,2026-05-12 22:00:00+00:00,2026-05-17 20:00:00+00:00,6000.000000,4714.800000,48.81,above,0.051500,0.040000,0.238000,0.573077,0.506786,0.000116,0.139284,0.087565,-5.138435,8.778356,3.606526,down,-22.3301,1_closest,0_atm,0_skew
GOLD,2001248,2026-05-12 22:00:00+00:00,2026-05-17 20:00:00+00:00,5300.000000,4714.800000,48.81,above,0.150000,0.080000,0.238000,0.573077,0.540902,0.065833,0.521300,0.486035,-8.416744,37.130002,33.603530,down,-46.6667,1_closest,0_atm,0_skew
GOLD,2001179,2026-05-12 22:00:00+00:00,2026-05-17 20:00:00+00:00,4400.000000,4714.800000,48.81,below,0.355000,0.585000,0.238000,0.573077,0.592081,0.236270,0.538886,0.545548,-11.872974,18.388643,19.054771,up,64.7887,0_closest,1_atm,1_skew
GOLD,1032284,2026-05-12 22:00:00+00:00,2026-05-17 20:00:00+00:00,6200.000000,4714.800000,48.81,above,0.038500,0.030000,0.238000,0.573077,0.497769,0.000011,0.089181,0.045632,-3.848855,5.068089,0.713172,down,-22.0779,1_closest,0_atm,0_skew
GOLD,2001245,2026-05-12 22:00:00+00:00,2026-05-17 20:00:00+00:00,5100.000000,4714.800000,48.81,above,0.335000,0.215000,0.238000,0.573077,0.551480,0.224544,0.702634,0.683195,-11.045588,36.763390,34.819545,down,-35.8209,1_closest,0_atm,0_skew
GOLD,2001247,2026-05-12 22:00:00+00:00,2026-05-17 20:00:00+00:00,5200.000000,4714.800000,48.81,above,0.235000,0.115000,0.238000,0.573077,0.546140,0.126004,0.608089,0.580694,-10.899625,37.308905,34.569418,down,-51.0638,1_closest,0_atm,0_skew
GOLD,1032290,2026-05-12 22:00:00+00:00,2026-05-17 20:00:00+00:00,5000.000000,4714.800000,48.81,above,0.330000,0.255000,0.238000,0.573077,0.556926,0.371982,0.804028,0.791928,4.198215,47.402846,46.192837,down,-22.7273,0_closest,0_atm,0_skew
GOLD,1272712,2026-05-12 22:00:00+00:00,2026-05-17 20:00:00+00:00,5700.000000,4714.800000,48.81,above,0.066500,0.032000,0.238000,0.573077,0.520892,0.002513,0.257495,0.202624,-6.398715,19.099529,13.612357,down,-51.8797,1_closest,0_atm,0_skew
GOLD,1032263,2026-05-12 22:00:00+00:00,2026-05-17 20:00:00+00:00,6200.000000,4714.800000,48.81,above,0.023500,0.020000,0.238000,0.573077,0.497769,0.000011,0.089181,0.045632,-2.348855,6.568089,2.213172,down,-14.8936,1_closest,0_atm,0_skew
GOLD,1032271,2026-05-12 22:00:00+00:00,2026-05-17 20:00:00+00:00,6000.000000,4714.800000,48.81,above,0.030000,0.027000,0.238000,0.573077,0.506786,0.000116,0.139284,0.087565,-2.988435,10.928356,5.756526,down,-10.0000,1_closest,0_atm,0_skew
GOLD,1032269,2026-05-12 22:00:00+00:00,2026-05-17 20:00:00+00:00,6500.000000,4714.800000,48.81,above,0.019000,0.019500,0.238000,0.573077,0.484774,0.000000,0.043528,0.014846,-1.899975,2.452845,-0.415437,up,2.6316,0_closest,1_atm,0_skew
GOLD,1032283,2026-05-12 22:00:00+00:00,2026-05-17 20:00:00+00:00,6500.000000,4714.800000,48.81,above,0.024500,0.024500,0.238000,0.573077,0.484774,0.000000,0.043528,0.014846,-2.449975,1.902845,-0.965437,down,0.0000,1_closest,0_atm,1_skew
GOLD,1032280,2026-05-12 22:00:00+00:00,2026-05-17 20:00:00+00:00,3400.000000,4714.800000,48.81,below,0.019500,0.018500,0.238000,0.573077,0.662985,0.000000,0.019796,0.041322,-1.949992,0.029596,2.182156,down,-5.1282,1_closest,0_atm,0_skew
GOLD,1032270,2026-05-12 22:00:00+00:00,2026-05-17 20:00:00+00:00,6200.000000,4714.800000,48.81,above,0.023500,0.020000,0.238000,0.573077,0.497769,0.000011,0.089181,0.045632,-2.348855,6.568089,2.213172,down,-14.8936,1_closest,0_atm,0_skew
GOLD,1032282,2026-05-12 22:00:00+00:00,2026-05-17 20:00:00+00:00,7000.000000,4714.800000,48.81,above,0.016000,0.016000,0.238000,0.573077,0.464394,0.000000,0.011779,0.001520,-1.600000,-0.422078,-1.448036,down,0.0000,1_closest,1_atm,1_skew
GOLD,1032268,2026-05-12 22:00:00+00:00,2026-05-17 20:00:00+00:00,7000.000000,4714.800000,48.81,above,0.014500,0.013500,0.238000,0.573077,0.464394,0.000000,0.011779,0.001520,-1.450000,-0.272078,-1.298036,down,-6.8966,1_closest,1_atm,1_skew
GOLD,1032262,2026-05-12 22:00:00+00:00,2026-05-17 20:00:00+00:00,6000.000000,4714.800000,48.81,above,0.020500,0.019000,0.238000,0.573077,0.506786,0.000116,0.139284,0.087565,-2.038435,11.878356,6.706526,down,-7.3171,1_closest,0_atm,0_skew
GOLD,1032281,2026-05-12 22:00:00+00:00,2026-05-17 20:00:00+00:00,8000.000000,4714.800000,48.81,above,0.029500,0.015500,0.238000,0.573077,0.427672,0.000000,0.000627,0.000003,-2.950000,-2.887318,-2.949699,down,-47.4576,1_closest,1_atm,1_skew
GOLD,1032267,2026-05-12 22:00:00+00:00,2026-05-17 20:00:00+00:00,8000.000000,4714.800000,48.81,above,0.010500,0.013500,0.238000,0.573077,0.427672,0.000000,0.000627,0.000003,-1.050000,-0.987318,-1.049699,up,28.5714,0_closest,0_atm,0_skew
GOLD,1032272,2026-05-12 22:00:00+00:00,2026-05-17 20:00:00+00:00,5500.000000,4714.800000,48.81,above,0.083000,0.053000,0.238000,0.573077,0.530715,0.014629,0.372767,0.324512,-6.837094,28.976741,24.151161,down,-36.1446,1_closest,0_atm,0_skew
GOLD,1032255,2026-05-12 22:00:00+00:00,2026-05-17 20:00:00+00:00,3800.000000,4714.800000,48.81,below,0.015000,0.017000,0.238000,0.573077,0.632397,0.000362,0.108759,0.138182,-1.463811,9.375920,12.318189,up,13.3333,0_closest,1_atm,1_skew
GOLD,2001254,2026-05-12 22:00:00+00:00,2026-05-17 20:00:00+00:00,5400.000000,4714.800000,48.81,above,0.110000,0.055000,0.238000,0.573077,0.535761,0.032090,0.442796,0.400401,-7.790984,33.279647,29.040068,down,-50.0000,1_closest,0_atm,0_skew
GOLD,1295945,2026-05-12 22:00:00+00:00,2026-05-17 20:00:00+00:00,10000.000000,4714.800000,48.81,above,0.007000,0.006500,0.238000,0.573077,0.366307,0.000000,0.000001,0.000000,-0.700000,-0.699916,-0.700000,down,-7.1429,1_closest,1_atm,1_skew
GOLD,1295944,2026-05-12 22:00:00+00:00,2026-05-17 20:00:00+00:00,9000.000000,4714.800000,48.81,above,0.007000,0.007000,0.238000,0.573077,0.395281,0.000000,0.000025,0.000000,-0.700000,-0.697496,-0.700000,down,0.0000,1_closest,1_atm,1_skew
GOLD,1272717,2026-05-12 22:00:00+00:00,2026-05-17 20:00:00+00:00,8500.000000,4714.800000,48.81,above,0.007500,0.011000,0.238000,0.573077,0.411000,0.000000,0.000129,0.000000,-0.750000,-0.737123,-0.749995,up,46.6667,0_closest,0_atm,0_skew
GOLD,1032278,2026-05-12 22:00:00+00:00,2026-05-17 20:00:00+00:00,4200.000000,4714.800000,48.81,below,0.165000,0.270000,0.238000,0.573077,0.604874,0.052349,0.353190,0.370452,-11.265100,18.818961,20.545160,up,63.6364,0_closest,1_atm,1_skew
GOLD,1032260,2026-05-12 22:00:00+00:00,2026-05-17 20:00:00+00:00,5200.000000,4714.800000,48.81,above,0.181000,0.114000,0.238000,0.573077,0.546140,0.126004,0.608089,0.580694,-5.499625,42.708905,39.969418,down,-37.0166,1_closest,0_atm,0_skew
GOLD,1032256,2026-05-12 22:00:00+00:00,2026-05-17 20:00:00+00:00,4000.000000,4714.800000,48.81,above,0.090500,0.144000,0.238000,0.573077,0.618292,1.000000,1.000000,1.000000,90.950000,90.950000,90.950000,up,59.1160,1_closest,1_atm,1_skew
GOLD,2001189,2026-05-12 22:00:00+00:00,2026-05-17 20:00:00+00:00,4500.000000,4714.800000,48.81,below,0.535000,0.820000,0.238000,0.573077,0.585901,0.412669,0.643473,0.646035,-12.233132,10.847326,11.103508,up,53.2710,0_closest,1_atm,1_skew
OIL,2233175,2026-05-12 22:00:00+00:00,2026-05-17 20:00:00+00:00,85.000000,98.912000,48.85,below,0.665000,0.415000,0.648000,0.573077,0.614762,0.283784,0.241723,0.266075,-38.121605,-42.327708,-39.892492,down,-37.5940,1_closest,1_atm,1_skew
OIL,2213806,2026-05-12 22:00:00+00:00,2026-05-17 20:00:00+00:00,110.000000,98.912000,48.85,above,0.560000,0.660000,0.648000,0.573077,0.543858,0.641085,0.569745,0.538891,8.108533,0.974451,-2.110912,up,17.8571,1_closest,1_atm,0_skew
OIL,1652706,2026-05-12 22:00:00+00:00,2026-05-17 20:00:00+00:00,80.000000,98.912000,48.85,below,0.475000,0.360000,0.648000,0.573077,0.631435,0.151714,0.114194,0.143624,-32.328625,-36.080588,-33.137622,down,-24.2105,1_closest,1_atm,1_skew
OIL,1032399,2026-05-12 22:00:00+00:00,2026-05-17 20:00:00+00:00,80.500000,98.912000,48.85,above,0.205000,0.175000,0.648000,0.573077,0.629721,1.000000,1.000000,1.000000,79.500000,79.500000,79.500000,down,-14.6341,0_closest,0_atm,0_skew
OIL,1652697,2026-05-12 22:00:00+00:00,2026-05-17 20:00:00+00:00,70.000000,98.912000,48.85,below,0.185000,0.095000,0.648000,0.573077,0.668156,0.029060,0.014488,0.033822,-15.594034,-17.051213,-15.117752,down,-48.6486,1_closest,1_atm,1_skew
OIL,1032400,2026-05-12 22:00:00+00:00,2026-05-17 20:00:00+00:00,84.000000,98.912000,48.85,above,0.655000,0.710000,0.648000,0.573077,0.618017,1.000000,1.000000,1.000000,34.500000,34.500000,34.500000,up,8.3969,1_closest,1_atm,1_skew
OIL,1032417,2026-05-12 22:00:00+00:00,2026-05-17 20:00:00+00:00,80.000000,98.912000,48.85,above,0.665000,0.715000,0.648000,0.573077,0.631435,1.000000,1.000000,1.000000,33.500000,33.500000,33.500000,up,7.5188,1_closest,1_atm,1_skew
OIL,1652691,2026-05-12 22:00:00+00:00,2026-05-17 20:00:00+00:00,175.000000,98.912000,48.85,above,0.075000,0.045000,0.648000,0.573077,0.416172,0.001213,0.000215,0.000000,-7.378738,-7.478458,-7.499979,down,-40.0000,1_closest,1_atm,1_skew
OIL,1652672,2026-05-12 22:00:00+00:00,2026-05-17 20:00:00+00:00,115.000000,98.912000,48.85,above,0.549000,0.578000,0.648000,0.573077,0.531634,0.464564,0.385249,0.337947,-8.443599,-16.375108,-21.105319,up,5.2823,0_closest,0_atm,0_skew
OIL,1032420,2026-05-12 22:00:00+00:00,2026-05-17 20:00:00+00:00,65.000000,98.912000,48.85,above,0.862500,0.950000,0.648000,0.573077,0.688536,1.000000,1.000000,1.000000,13.750000,13.750000,13.750000,up,10.1449,1_closest,1_atm,1_skew
OIL,2235983,2026-05-12 22:00:00+00:00,2026-05-17 20:00:00+00:00,105.000000,98.912000,48.85,above,0.835000,0.870000,0.648000,0.573077,0.556651,0.850348,0.799002,0.786563,1.534841,-3.599798,-4.843744,up,4.1916,1_closest,0_atm,0_skew
OIL,1652695,2026-05-12 22:00:00+00:00,2026-05-17 20:00:00+00:00,60.000000,98.912000,48.85,below,0.065000,0.045000,0.648000,0.573077,0.710549,0.002444,0.000633,0.005612,-6.255620,-6.436698,-5.938846,down,-30.7692,1_closest,1_atm,1_skew
OIL,1494703,2026-05-12 22:00:00+00:00,2026-05-17 20:00:00+00:00,200.000000,98.912000,48.85,above,0.037000,0.018500,0.648000,0.573077,0.379450,0.000055,0.000004,0.000000,-3.694478,-3.699579,-3.700000,down,-50.0000,1_closest,1_atm,1_skew
OIL,1032408,2026-05-12 22:00:00+00:00,2026-05-17 20:00:00+00:00,55.000000,98.912000,48.85,below,0.037500,0.034500,0.648000,0.573077,0.734477,0.000429,0.000069,0.001873,-3.707100,-3.743064,-3.562713,down,-8.0000,1_closest,1_atm,1_skew
OIL,1032421,2026-05-12 22:00:00+00:00,2026-05-17 20:00:00+00:00,63.000000,98.912000,48.85,above,0.930000,0.935000,0.648000,0.573077,0.697131,1.000000,1.000000,1.000000,7.000000,7.000000,7.000000,up,0.5376,1_closest,1_atm,1_skew
OIL,1494702,2026-05-12 22:00:00+00:00,2026-05-17 20:00:00+00:00,150.000000,98.912000,48.85,above,0.125000,0.115000,0.648000,0.573077,0.458564,0.020538,0.007803,0.000695,-10.446161,-11.719737,-12.430486,down,-8.0000,1_closest,1_atm,1_skew
OIL,1032423,2026-05-12 22:00:00+00:00,2026-05-17 20:00:00+00:00,56.000000,98.912000,48.85,above,0.943500,0.970500,0.648000,0.573077,0.729522,1.000000,1.000000,1.000000,5.650000,5.650000,5.650000,up,2.8617,1_closest,1_atm,1_skew
OIL,1032409,2026-05-12 22:00:00+00:00,2026-05-17 20:00:00+00:00,52.000000,98.912000,48.85,below,0.022500,0.021000,0.648000,0.573077,0.749902,0.000122,0.000014,0.000903,-2.237774,-2.248597,-2.159699,down,-6.6667,1_closest,1_atm,1_skew
OIL,1032410,2026-05-12 22:00:00+00:00,2026-05-17 20:00:00+00:00,50.000000,98.912000,48.85,below,0.022000,0.017500,0.648000,0.573077,0.760688,0.000048,0.000004,0.000538,-2.195227,-2.199577,-2.146210,down,-20.4545,1_closest,1_atm,1_skew
OIL,1032412,2026-05-12 22:00:00+00:00,2026-05-17 20:00:00+00:00,45.000000,98.912000,48.85,below,0.017500,0.015000,0.648000,0.573077,0.789663,0.000003,0.000000,0.000131,-1.749705,-1.749988,-1.736936,down,-14.2857,1_closest,1_atm,1_skew
OIL,1652690,2026-05-12 22:00:00+00:00,2026-05-17 20:00:00+00:00,140.000000,98.912000,48.85,above,0.195000,0.185000,0.648000,0.573077,0.477537,0.056806,0.028155,0.007174,-13.819366,-16.684537,-18.782628,down,-5.1282,1_closest,1_atm,1_skew
OIL,1032413,2026-05-12 22:00:00+00:00,2026-05-17 20:00:00+00:00,40.000000,98.912000,48.85,below,0.017000,0.011000,0.648000,0.573077,0.822054,0.000000,0.000000,0.000026,-1.699992,-1.700000,-1.697378,down,-35.2941,1_closest,1_atm,1_skew
OIL,1032418,2026-05-12 22:00:00+00:00,2026-05-17 20:00:00+00:00,75.000000,98.912000,48.85,above,0.825000,0.815000,0.648000,0.573077,0.649183,1.000000,1.000000,1.000000,17.500000,17.500000,17.500000,down,-1.2121,0_closest,0_atm,0_skew
OIL,1032419,2026-05-12 22:00:00+00:00,2026-05-17 20:00:00+00:00,70.000000,98.912000,48.85,above,0.837000,0.863000,0.648000,0.573077,0.668156,1.000000,1.000000,1.000000,16.300000,16.300000,16.300000,up,3.1063,1_closest,1_atm,1_skew
OIL,1652685,2026-05-12 22:00:00+00:00,2026-05-17 20:00:00+00:00,130.000000,98.912000,48.85,above,0.315000,0.295000,0.648000,0.573077,0.497917,0.143545,0.090028,0.046265,-17.145517,-22.497160,-26.873489,down,-6.3492,1_closest,1_atm,1_skew
OIL,1032397,2026-05-12 22:00:00+00:00,2026-05-17 20:00:00+00:00,66.500000,98.912000,48.85,above,0.036500,0.024500,0.648000,0.573077,0.682262,1.000000,1.000000,1.000000,96.350000,96.350000,96.350000,down,-32.8767,0_closest,0_atm,0_skew
OIL,1032393,2026-05-12 22:00:00+00:00,2026-05-17 20:00:00+00:00,42.000000,98.912000,48.85,below,0.015000,0.012000,0.648000,0.573077,0.808636,0.000000,0.000000,0.000051,-1.499961,-1.499999,-1.494891,down,-20.0000,1_closest,1_atm,1_skew
OIL,1032414,2026-05-12 22:00:00+00:00,2026-05-17 20:00:00+00:00,35.000000,98.912000,48.85,below,0.014000,0.007500,0.648000,0.573077,0.858775,0.000000,0.000000,0.000004,-1.400000,-1.400000,-1.399578,down,-46.4286,1_closest,1_atm,1_skew
OIL,1032415,2026-05-12 22:00:00+00:00,2026-05-17 20:00:00+00:00,90.000000,98.912000,48.85,above,0.585000,0.595000,0.648000,0.573077,0.599044,1.000000,1.000000,1.000000,41.500000,41.500000,41.500000,up,1.7094,1_closest,1_atm,1_skew
OIL,1032422,2026-05-12 22:00:00+00:00,2026-05-17 20:00:00+00:00,60.000000,98.912000,48.85,above,0.952000,0.965500,0.648000,0.573077,0.710549,1.000000,1.000000,1.000000,4.800000,4.800000,4.800000,up,1.4181,1_closest,1_atm,1_skew
OIL,1032411,2026-05-12 22:00:00+00:00,2026-05-17 20:00:00+00:00,47.000000,98.912000,48.85,below,0.014000,0.014500,0.648000,0.573077,0.777704,0.000010,0.000001,0.000235,-1.399027,-1.399944,-1.376491,up,3.5714,0_closest,0_atm,0_skew
OIL,1652677,2026-05-12 22:00:00+00:00,2026-05-17 20:00:00+00:00,120.000000,98.912000,48.85,above,0.470000,0.465000,0.648000,0.573077,0.519929,0.324509,0.247951,0.192799,-14.549127,-22.204880,-27.720117,down,-1.0638,1_closest,1_atm,1_skew
OIL,1032425,2026-05-12 22:00:00+00:00,2026-05-17 20:00:00+00:00,52.000000,98.912000,48.85,above,0.951500,0.959000,0.648000,0.573077,0.749902,1.000000,1.000000,1.000000,4.850000,4.850000,4.850000,up,0.7882,1_closest,1_atm,1_skew
OIL,1032424,2026-05-12 22:00:00+00:00,2026-05-17 20:00:00+00:00,55.000000,98.912000,48.85,above,0.944000,0.957500,0.648000,0.573077,0.734477,1.000000,1.000000,1.000000,5.600000,5.600000,5.600000,up,1.4301,1_closest,1_atm,1_skew
OIL,1032398,2026-05-12 22:00:00+00:00,2026-05-17 20:00:00+00:00,73.500000,98.912000,48.85,above,0.072500,0.080500,0.648000,0.573077,0.654739,1.000000,1.000000,1.000000,92.750000,92.750000,92.750000,up,11.0345,1_closest,1_atm,1_skew
OIL,1032394,2026-05-12 22:00:00+00:00,2026-05-17 20:00:00+00:00,45.500000,98.912000,48.85,above,0.008000,0.004500,0.648000,0.573077,0.786624,1.000000,1.000000,1.000000,99.200000,99.200000,99.200000,down,-43.7500,0_closest,0_atm,0_skew
OIL,1032426,2026-05-12 22:00:00+00:00,2026-05-17 20:00:00+00:00,50.000000,98.912000,48.85,above,0.986500,0.993000,0.648000,0.573077,0.760688,1.000000,1.000000,1.000000,1.350000,1.350000,1.350000,up,0.6589,1_closest,1_atm,1_skew
OIL,1032396,2026-05-12 22:00:00+00:00,2026-05-17 20:00:00+00:00,59.500000,98.912000,48.85,above,0.022000,0.021500,0.648000,0.573077,0.712850,1.000000,1.000000,1.000000,97.800000,97.800000,97.800000,down,-2.2727,0_closest,0_atm,0_skew
OIL,1032395,2026-05-12 22:00:00+00:00,2026-05-17 20:00:00+00:00,52.500000,98.912000,48.85,above,0.008500,0.009000,0.648000,0.573077,0.747270,1.000000,1.000000,1.000000,99.150000,99.150000,99.150000,up,5.8824,1_closest,1_atm,1_skew
OIL,1032416,2026-05-12 22:00:00+00:00,2026-05-17 20:00:00+00:00,85.000000,98.912000,48.85,above,0.635000,0.600000,0.648000,0.573077,0.614762,1.000000,1.000000,1.000000,36.500000,36.500000,36.500000,down,-5.5118,0_closest,0_atm,0_skew
GOLD,1294368,2026-05-12 22:00:00+00:00,2026-05-17 20:00:00+00:00,6000.000000,4714.800000,232.08,above,0.325000,0.295000,0.234000,0.573077,0.506786,0.090066,0.672388,0.576959,-23.493406,34.738841,25.195924,down,-9.2308,1_closest,0_atm,0_skew
GOLD,1294367,2026-05-12 22:00:00+00:00,2026-05-17 20:00:00+00:00,7000.000000,4714.800000,232.08,above,0.120000,0.115000,0.234000,0.573077,0.464394,0.004191,0.368157,0.212234,-11.580852,24.815692,9.223405,down,-4.1667,1_closest,0_atm,0_skew
GOLD,1294366,2026-05-12 22:00:00+00:00,2026-05-17 20:00:00+00:00,8000.000000,4714.800000,232.08,above,0.075000,0.070000,0.234000,0.573077,0.427672,0.000106,0.189123,0.050998,-7.489353,11.412314,-2.400178,down,-6.6667,1_closest,0_atm,1_skew
GOLD,1294365,2026-05-12 22:00:00+00:00,2026-05-17 20:00:00+00:00,10000.000000,4714.800000,232.08,above,0.055000,0.055000,0.234000,0.573077,0.366307,0.000000,0.045096,0.000595,-5.499997,-0.990355,-5.440472,down,0.0000,1_closest,1_atm,1_skew
GOLD,1294364,2026-05-12 22:00:00+00:00,2026-05-17 20:00:00+00:00,12000.000000,4714.800000,232.08,above,0.050000,0.049000,0.234000,0.573077,0.316167,0.000000,0.010229,0.000000,-5.000000,-3.977102,-4.999958,down,-2.0000,1_closest,1_atm,1_skew
GOLD,1294363,2026-05-12 22:00:00+00:00,2026-05-17 20:00:00+00:00,15000.000000,4714.800000,232.08,above,0.042000,0.042000,0.234000,0.573077,0.254802,0.000000,0.001120,0.000000,-4.200000,-4.088012,-4.200000,down,0.0000,1_closest,1_atm,1_skew
BTC,701496,2026-05-12 22:00:00+00:00,2026-05-17 20:00:00+00:00,100000.000000,80618.000000,233.29,above,0.425000,0.415000,0.438550,0.573077,0.513828,0.534524,0.733056,0.651815,10.952439,30.805629,22.681524,down,-2.3529,0_closest,0_atm,0_skew
BTC,1345531,2026-05-12 22:00:00+00:00,2026-05-17 20:00:00+00:00,90000.000000,80618.000000,233.29,above,0.680000,0.655000,0.441550,0.573077,0.542803,0.848197,0.987359,0.958599,16.819720,30.735912,27.859938,down,-3.6765,0_closest,0_atm,0_skew
BTC,701495,2026-05-12 22:00:00+00:00,2026-05-17 20:00:00+00:00,110000.000000,80618.000000,233.29,above,0.295000,0.235000,0.444950,0.573077,0.487617,0.325160,0.525259,0.394388,3.015993,23.025889,9.938805,down,-20.3390,0_closest,0_atm,0_skew
BTC,701494,2026-05-12 22:00:00+00:00,2026-05-17 20:00:00+00:00,120000.000000,80618.000000,233.29,above,0.175000,0.175000,0.449975,0.573077,0.463689,0.190423,0.366080,0.209359,1.542266,19.108000,3.435862,down,0.0000,0_closest,0_atm,0_skew
BTC,701501,2026-05-12 22:00:00+00:00,2026-05-17 20:00:00+00:00,55000.000000,80618.000000,233.29,below,0.435000,0.455000,0.544675,0.573077,0.678236,0.175160,0.195898,0.269638,-25.983990,-23.910161,-16.536205,up,4.5977,0_closest,0_atm,0_skew
BTC,1339767,2026-05-12 22:00:00+00:00,2026-05-17 20:00:00+00:00,50000.000000,80618.000000,233.29,below,0.350000,0.385000,0.578925,0.573077,0.704447,0.128742,0.124957,0.211474,-22.125843,-22.504330,-13.852568,up,10.0000,0_closest,0_atm,0_skew
BTC,701493,2026-05-12 22:00:00+00:00,2026-05-17 20:00:00+00:00,130000.000000,80618.000000,233.29,above,0.135000,0.120000,0.461000,0.573077,0.441676,0.115756,0.249769,0.096117,-1.924373,11.476914,-3.888298,down,-11.1111,1_closest,0_atm,1_skew
BTC,701502,2026-05-12 22:00:00+00:00,2026-05-17 20:00:00+00:00,45000.000000,80618.000000,233.29,below,0.265000,0.315000,0.616850,0.573077,0.733422,0.092864,0.070002,0.160681,-17.213565,-19.499841,-10.431949,up,18.8679,0_closest,0_atm,0_skew
BTC,701491,2026-05-12 22:00:00+00:00,2026-05-17 20:00:00+00:00,150000.000000,80618.000000,233.29,above,0.065000,0.065000,0.476800,0.573077,0.402323,0.041946,0.111245,0.012329,-2.305424,4.624453,-5.267136,down,0.0000,1_closest,0_atm,1_skew
BTC,701492,2026-05-12 22:00:00+00:00,2026-05-17 20:00:00+00:00,140000.000000,80618.000000,233.29,above,0.110000,0.110000,0.463475,0.573077,0.421296,0.065111,0.167691,0.037596,-4.488904,5.769090,-7.240434,down,0.0000,1_closest,0_atm,1_skew
BTC,1339768,2026-05-12 22:00:00+00:00,2026-05-17 20:00:00+00:00,40000.000000,80618.000000,233.29,below,0.205000,0.225000,0.665500,0.573077,0.765813,0.068552,0.032932,0.117823,-13.644790,-17.206775,-8.717661,up,9.7561,0_closest,0_atm,0_skew
BTC,1343220,2026-05-12 22:00:00+00:00,2026-05-17 20:00:00+00:00,10000.000000,80618.000000,233.29,below,0.035500,0.036500,0.922825,0.573077,1.147051,0.000252,0.000000,0.005081,-3.524839,-3.550000,-3.041879,up,2.8169,0_closest,0_atm,0_skew
BTC,701490,2026-05-12 22:00:00+00:00,2026-05-17 20:00:00+00:00,160000.000000,80618.000000,233.29,above,0.075000,0.065000,0.476800,0.573077,0.384574,0.022996,0.073159,0.003330,-5.200372,-0.184105,-7.166957,down,-13.3333,1_closest,1_atm,1_skew
BTC,1057883,2026-05-12 22:00:00+00:00,2026-05-17 20:00:00+00:00,250000.000000,80618.000000,233.29,above,0.031500,0.026500,0.476800,0.573077,0.261843,0.000085,0.001528,0.000000,-3.141474,-2.997235,-3.150000,down,-15.8730,1_closest,1_atm,1_skew
BTC,1057916,2026-05-12 22:00:00+00:00,2026-05-17 20:00:00+00:00,15000.000000,80618.000000,233.29,below,0.053500,0.052500,0.922825,0.573077,1.035546,0.003448,0.000001,0.011091,-5.005232,-5.349943,-4.240941,down,-1.8692,1_closest,1_atm,1_skew
BTC,1343228,2026-05-12 22:00:00+00:00,2026-05-17 20:00:00+00:00,5000.000000,80618.000000,233.29,below,0.025500,0.026500,0.922825,0.573077,1.337670,0.000001,0.000000,0.001748,-2.549924,-2.550000,-2.375228,up,3.9216,0_closest,0_atm,0_skew
BTC,701503,2026-05-12 22:00:00+00:00,2026-05-17 20:00:00+00:00,35000.000000,80618.000000,233.29,below,0.125000,0.140000,0.665500,0.573077,0.802535,0.032767,0.012176,0.082960,-9.223289,-11.282370,-4.203977,up,12.0000,0_closest,0_atm,0_skew
BTC,1393068,2026-05-12 22:00:00+00:00,2026-05-17 20:00:00+00:00,500000.000000,80618.000000,233.29,above,0.020500,0.020500,0.476800,0.573077,0.071224,0.000000,0.000000,0.000000,-2.050000,-2.049989,-2.050000,down,0.0000,1_closest,1_atm,1_skew
BTC,1393070,2026-05-12 22:00:00+00:00,2026-05-17 20:00:00+00:00,1000000.000000,80618.000000,233.29,above,0.015500,0.010500,0.476800,0.573077,-0.119395,0.000000,0.000000,,-1.550000,-1.550000,,down,-32.2581,1_closest,1_atm,
BTC,701486,2026-05-12 22:00:00+00:00,2026-05-17 20:00:00+00:00,200000.000000,80618.000000,233.29,above,0.042500,0.042500,0.476800,0.573077,0.323209,0.001926,0.013115,0.000002,-4.057353,-2.938460,-4.249833,down,0.0000,1_closest,1_atm,1_skew
BTC,701489,2026-05-12 22:00:00+00:00,2026-05-17 20:00:00+00:00,170000.000000,80618.000000,233.29,above,0.060500,0.057000,0.476800,0.573077,0.367902,0.012475,0.047819,0.000727,-4.802492,-1.268064,-5.977313,down,-5.7851,1_closest,1_atm,1_skew
BTC,701504,2026-05-12 22:00:00+00:00,2026-05-17 20:00:00+00:00,25000.000000,80618.000000,233.29,below,0.075000,0.080000,0.777025,0.573077,0.895066,0.012999,0.000501,0.035305,-6.200052,-7.449921,-3.969461,up,6.6667,0_closest,0_atm,0_skew
BTC,1339769,2026-05-12 22:00:00+00:00,2026-05-17 20:00:00+00:00,30000.000000,80618.000000,233.29,below,0.100000,0.105000,0.777025,0.573077,0.844927,0.035058,0.003192,0.055701,-6.494218,-9.680759,-4.429901,up,5.0000,0_closest,0_atm,0_skew
BTC,1343219,2026-05-12 22:00:00+00:00,2026-05-17 20:00:00+00:00,20000.000000,80618.000000,233.29,below,0.065000,0.065000,0.922825,0.573077,0.956432,0.015761,0.000035,0.020799,-4.923873,-6.496537,-4.420119,down,0.0000,1_closest,1_atm,1_skew
BTC,701487,2026-05-12 22:00:00+00:00,2026-05-17 20:00:00+00:00,190000.000000,80618.000000,233.29,above,0.043500,0.041500,0.476800,0.573077,0.337315,0.003602,0.020217,0.000017,-3.989784,-2.328285,-4.348330,down,-4.5977,1_closest,1_atm,1_skew
BTC,701488,2026-05-12 22:00:00+00:00,2026-05-17 20:00:00+00:00,180000.000000,80618.000000,233.29,above,0.053500,0.050500,0.476800,0.573077,0.352183,0.006719,0.031130,0.000125,-4.678115,-2.236969,-5.337458,down,-5.6075,1_closest,1_atm,1_skew
ETH,2132801,2026-05-13 21:00:00+00:00,2026-05-17 21:00:00+00:00,1600.000000,2256.600000,18.29,below,0.021500,0.018500,1.290225,0.559074,0.649056,0.069518,0.000073,0.000589,4.801807,-2.142673,-2.091073,down,-13.9535,0_closest,1_atm,1_skew
ETH,2132804,2026-05-13 21:00:00+00:00,2026-05-17 21:00:00+00:00,1000.000000,2256.600000,18.29,below,0.003500,0.001500,2.796725,0.559074,0.772048,0.081407,0.000000,0.000000,7.790694,-0.350000,-0.350000,down,-57.1429,0_closest,1_atm,1_skew
ETH,2132800,2026-05-13 21:00:00+00:00,2026-05-17 21:00:00+00:00,1800.000000,2256.600000,18.29,below,0.056000,0.056500,0.873075,0.559074,0.618234,0.076062,0.008217,0.016042,2.006201,-4.778341,-3.995802,up,0.8929,1_closest,0_atm,0_skew
ETH,2132802,2026-05-13 21:00:00+00:00,2026-05-17 21:00:00+00:00,1400.000000,2256.600000,18.29,below,0.009500,0.010500,1.635850,0.559074,0.683998,0.056525,0.000000,0.000009,4.702476,-0.949994,-0.949149,up,10.5263,1_closest,0_atm,0_skew
ETH,2132803,2026-05-13 21:00:00+00:00,2026-05-17 21:00:00+00:00,1200.000000,2256.600000,18.29,below,0.007000,0.004500,2.013350,0.559074,0.724337,0.048167,0.000000,0.000000,4.116693,-0.700000,-0.699997,down,-35.7143,0_closest,1_atm,1_skew
ETH,2132805,2026-05-13 21:00:00+00:00,2026-05-17 21:00:00+00:00,800.000000,2256.600000,18.29,below,0.002500,0.001500,2.796725,0.559074,0.830441,0.028735,0.000000,0.000000,2.623517,-0.250000,-0.250000,down,-40.0000,0_closest,1_atm,1_skew
ETH,2132799,2026-05-13 21:00:00+00:00,2026-05-17 21:00:00+00:00,2000.000000,2256.600000,18.29,below,0.225000,0.320000,0.590775,0.559074,0.590663,0.166258,0.146362,0.166188,-5.874230,-7.863823,-5.881202,up,42.2222,0_closest,0_atm,0_skew
ETH,2132795,2026-05-13 21:00:00+00:00,2026-05-17 21:00:00+00:00,2800.000000,2256.600000,18.29,above,0.045000,0.019000,0.621675,0.559074,0.502613,0.036250,0.018798,0.008480,-0.874975,-2.620229,-3.651974,down,-57.7778,1_closest,1_atm,1_skew
ETH,2132794,2026-05-13 21:00:00+00:00,2026-05-17 21:00:00+00:00,3000.000000,2256.600000,18.29,above,0.018500,0.005500,0.748200,0.559074,0.484559,0.022263,0.001753,0.000277,0.376318,-1.674652,-1.822272,down,-70.2703,0_closest,1_atm,1_skew
ETH,2132796,2026-05-13 21:00:00+00:00,2026-05-17 21:00:00+00:00,2600.000000,2256.600000,18.29,above,0.185000,0.045000,0.559725,0.559074,0.522006,0.131003,0.130503,0.102753,-5.399712,-5.449737,-8.224717,down,-75.6757,1_closest,1_atm,1_skew
ETH,2132793,2026-05-13 21:00:00+00:00,2026-05-17 21:00:00+00:00,3200.000000,2256.600000,18.29,above,0.014000,0.004000,0.858200,0.559074,0.467670,0.014878,0.000114,0.000003,0.087768,-1.388581,-1.399658,down,-71.4286,0_closest,1_atm,1_skew
ETH,2132791,2026-05-13 21:00:00+00:00,2026-05-17 21:00:00+00:00,3600.000000,2256.600000,18.29,above,0.005500,0.001500,1.043600,0.559074,0.436849,0.007763,0.000000,0.000000,0.226321,-0.549979,-0.550000,down,-72.7273,0_closest,1_atm,1_skew
ETH,2132806,2026-05-13 21:00:00+00:00,2026-05-17 21:00:00+00:00,600.000000,2256.600000,18.29,below,0.001500,0.000500,2.796725,0.559074,0.905722,0.005393,0.000000,0.000000,0.389324,-0.150000,-0.150000,down,-66.6667,0_closest,1_atm,1_skew
ETH,2132792,2026-05-13 21:00:00+00:00,2026-05-17 21:00:00+00:00,3400.000000,2256.600000,18.29,above,0.006000,0.003500,0.858200,0.559074,0.451806,0.003957,0.000006,0.000000,-0.204338,-0.599446,-0.599998,down,-41.6667,1_closest,1_atm,1_skew
ETH,2132790,2026-05-13 21:00:00+00:00,2026-05-17 21:00:00+00:00,3800.000000,2256.600000,18.29,above,0.003500,0.002500,1.043600,0.559074,0.422700,0.002795,0.000000,0.000000,-0.070546,-0.349999,-0.350000,down,-28.5714,1_closest,1_atm,1_skew
ETH,2132789,2026-05-13 21:00:00+00:00,2026-05-17 21:00:00+00:00,4000.000000,2256.600000,18.29,above,0.002500,0.001500,1.043600,0.559074,0.409278,0.000967,0.000000,0.000000,-0.153301,-0.250000,-0.250000,down,-40.0000,1_closest,1_atm,1_skew
GOLD,2251146,2026-05-13 21:00:00+00:00,2026-05-17 21:00:00+00:00,4800.000000,4691.500000,47.85,above,0.530000,0.565000,0.231000,0.559074,0.553091,0.743342,0.986769,0.984168,21.334230,45.676858,45.416815,up,6.6038,1_closest,1_atm,1_skew
OIL,2233174,2026-05-13 21:00:00+00:00,2026-05-17 21:00:00+00:00,90.000000,96.906000,47.90,below,0.520000,0.620000,0.598000,0.559074,0.578421,0.524883,0.509593,0.517529,0.488285,-1.040697,-0.247114,up,19.2308,1_closest,0_atm,0_skew
SPY,2236208,2026-05-13 21:00:00+00:00,2026-05-17 21:00:00+00:00,7850.000000,7430.300000,47.96,above,0.310000,0.225000,0.129525,0.559074,0.544695,0.104826,0.810214,0.799529,-20.517375,50.021424,48.952855,down,-27.4194,1_closest,0_atm,0_skew
SPY,2236209,2026-05-13 21:00:00+00:00,2026-05-17 21:00:00+00:00,7100.000000,7430.300000,47.96,below,0.345000,0.705000,0.183825,0.559074,0.570973,0.311444,0.645072,0.647631,-3.355630,30.007208,30.263097,up,104.3478,0_closest,1_atm,1_skew
SPY,1125374,2026-05-13 21:00:00+00:00,2026-05-17 21:00:00+00:00,7700.000000,7430.300000,47.96,above,0.278500,0.312500,0.134125,0.559074,0.549744,0.315985,0.915969,0.910723,3.748531,63.746877,63.222261,up,12.2083,1_closest,1_atm,1_skew
SPY,2236358,2026-05-13 21:00:00+00:00,2026-05-17 21:00:00+00:00,7600.000000,7430.300000,47.96,above,0.565000,0.460000,0.139050,0.559074,0.553165,0.549861,0.988599,0.986047,-1.513897,42.359873,42.104731,down,-18.5841,1_closest,0_atm,0_skew
SPY,2236210,2026-05-13 21:00:00+00:00,2026-05-17 21:00:00+00:00,6900.000000,7430.300000,47.96,below,0.240000,0.375000,0.205700,0.559074,0.578451,0.145083,0.509243,0.517195,-9.491673,26.924268,27.719499,up,56.2500,0_closest,1_atm,1_skew
SPY,2236211,2026-05-13 21:00:00+00:00,2026-05-17 21:00:00+00:00,6700.000000,7430.300000,47.96,below,0.195000,0.345000,0.228750,0.559074,0.586148,0.068275,0.386885,0.401541,-12.672506,19.188453,20.654063,up,76.9231,0_closest,1_atm,1_skew
SPY,2236212,2026-05-13 21:00:00+00:00,2026-05-17 21:00:00+00:00,6500.000000,7430.300000,47.96,below,0.125000,0.220000,0.253275,0.559074,0.594078,0.033550,0.281585,0.302664,-9.144988,15.658500,17.766440,up,76.0000,0_closest,1_atm,1_skew
SPY,1125373,2026-05-13 21:00:00+00:00,2026-05-17 21:00:00+00:00,8000.000000,7430.300000,47.96,above,0.161500,0.099500,0.129150,0.559074,0.539742,0.027907,0.709716,0.692357,-13.359296,54.821560,53.085730,down,-38.3901,1_closest,0_atm,0_skew
SPY,1125382,2026-05-13 21:00:00+00:00,2026-05-17 21:00:00+00:00,6300.000000,7430.300000,47.96,below,0.105000,0.145000,0.278825,0.559074,0.602256,0.017290,0.195368,0.221193,-8.770963,9.036848,11.619350,up,38.0952,0_closest,1_atm,1_skew
SPY,1125383,2026-05-13 21:00:00+00:00,2026-05-17 21:00:00+00:00,6000.000000,7430.300000,47.96,below,0.080000,0.085000,0.319450,0.559074,0.615024,0.007079,0.101978,0.130039,-7.292135,2.197757,5.003903,up,6.2500,0_closest,1_atm,1_skew
SPY,1125387,2026-05-13 21:00:00+00:00,2026-05-17 21:00:00+00:00,8200.000000,7430.300000,232.00,above,0.220000,0.300000,0.148825,0.559074,0.533281,0.275301,0.990000,0.978274,5.530096,77.000000,75.827429,up,36.3636,1_closest,1_atm,1_skew
SPY,1125388,2026-05-13 21:00:00+00:00,2026-05-17 21:00:00+00:00,7800.000000,7430.300000,232.00,above,0.530000,0.525000,0.161025,0.559074,0.546368,0.656947,0.990000,0.990000,12.694674,46.000000,46.000000,down,-0.9434,0_closest,0_atm,0_skew
SPY,1125386,2026-05-13 21:00:00+00:00,2026-05-17 21:00:00+00:00,8600.000000,7430.300000,232.00,above,0.100000,0.105000,0.151325,0.559074,0.520817,0.103436,0.881805,0.838103,0.343577,78.180536,73.810265,up,5.0000,1_closest,1_atm,1_skew
SPY,1125389,2026-05-13 21:00:00+00:00,2026-05-17 21:00:00+00:00,7600.000000,7430.300000,232.00,above,0.730000,0.715000,0.169825,0.559074,0.553165,0.888553,0.990000,0.990000,15.855315,26.000000,26.000000,down,-2.0548,0_closest,0_atm,0_skew
SPY,1125393,2026-05-13 21:00:00+00:00,2026-05-17 21:00:00+00:00,6200.000000,7430.300000,232.00,below,0.404000,0.383000,0.254600,0.559074,0.606443,0.160107,0.397755,0.425596,-24.389322,-0.624492,2.159636,down,-5.1980,1_closest,1_atm,0_skew
SPY,1125394,2026-05-13 21:00:00+00:00,2026-05-17 21:00:00+00:00,5800.000000,7430.300000,232.00,below,0.315000,0.280000,0.278525,0.559074,0.623895,0.082811,0.318905,0.362208,-23.218945,0.390493,4.720786,down,-11.1111,1_closest,0_atm,0_skew
SPY,1125385,2026-05-13 21:00:00+00:00,2026-05-17 21:00:00+00:00,9300.000000,7430.300000,232.00,above,0.047000,0.053500,0.173975,0.559074,0.500340,0.028495,0.691395,0.607482,-1.850486,64.439521,56.048220,up,13.8298,0_closest,1_atm,1_skew
SPY,1125396,2026-05-13 21:00:00+00:00,2026-05-17 21:00:00+00:00,4500.000000,7430.300000,232.00,below,0.095000,0.085000,0.366200,0.559074,0.690306,0.013117,0.100984,0.184193,-8.188339,0.598353,8.919292,down,-10.5263,1_closest,0_atm,0_skew
SPY,1125395,2026-05-13 21:00:00+00:00,2026-05-17 21:00:00+00:00,5200.000000,7430.300000,232.00,below,0.160000,0.150000,0.319225,0.559074,0.652471,0.035672,0.206897,0.273425,-12.432820,4.689704,11.342522,down,-6.2500,1_closest,0_atm,0_skew
ETH,701549,2026-05-13 21:00:00+00:00,2026-05-17 21:00:00+00:00,3500.000000,2256.600000,232.33,above,0.355000,0.325000,0.617375,0.559074,0.444220,0.361838,0.281851,0.133419,0.683781,-7.314852,-22.158147,down,-8.4507,0_closest,1_atm,1_skew
ETH,701548,2026-05-13 21:00:00+00:00,2026-05-17 21:00:00+00:00,4000.000000,2256.600000,232.33,above,0.245000,0.215000,0.629525,0.559074,0.409278,0.208869,0.133734,0.024556,-3.613128,-11.126610,-22.044429,down,-12.2449,1_closest,1_atm,1_skew
ETH,701547,2026-05-13 21:00:00+00:00,2026-05-17 21:00:00+00:00,4500.000000,2256.600000,232.33,above,0.165000,0.125000,0.642850,0.559074,0.378456,0.123432,0.061071,0.002534,-4.156813,-10.392863,-16.246610,down,-24.2424,1_closest,1_atm,1_skew
ETH,701552,2026-05-13 21:00:00+00:00,2026-05-17 21:00:00+00:00,1500.000000,2256.600000,232.33,below,0.425000,0.435000,0.696125,0.559074,0.665944,0.258752,0.163682,0.238433,-16.624770,-26.131799,-18.656711,up,2.3529,0_closest,0_atm,0_skew
ETH,701546,2026-05-13 21:00:00+00:00,2026-05-17 21:00:00+00:00,5000.000000,2256.600000,232.33,above,0.125000,0.095000,0.642850,0.559074,0.350885,0.067094,0.027312,0.000133,-5.790644,-9.768809,-12.486710,down,-24.0000,1_closest,1_atm,1_skew
ETH,701545,2026-05-13 21:00:00+00:00,2026-05-17 21:00:00+00:00,5500.000000,2256.600000,232.33,above,0.095000,0.065000,0.642850,0.559074,0.325944,0.036273,0.012100,0.000003,-5.872696,-8.290003,-9.499685,down,-31.5789,1_closest,1_atm,1_skew
ETH,701539,2026-05-13 21:00:00+00:00,2026-05-17 21:00:00+00:00,10000.000000,2256.600000,232.33,above,0.037500,0.018500,0.642850,0.559074,0.169500,0.000182,0.000011,0.000000,-3.731761,-3.748940,-3.750000,down,-50.6667,1_closest,1_atm,1_skew
ETH,701554,2026-05-13 21:00:00+00:00,2026-05-17 21:00:00+00:00,800.000000,2256.600000,232.33,below,0.115000,0.165000,0.773725,0.559074,0.830441,0.026236,0.001477,0.040493,-8.876423,-11.352291,-7.450713,up,43.4783,0_closest,0_atm,0_skew
ETH,701540,2026-05-13 21:00:00+00:00,2026-05-17 21:00:00+00:00,8000.000000,2256.600000,232.33,above,0.051000,0.030500,0.642850,0.559074,0.227893,0.001766,0.000218,0.000000,-4.923400,-5.078195,-5.100000,down,-40.1961,1_closest,1_atm,1_skew
ETH,701542,2026-05-13 21:00:00+00:00,2026-05-17 21:00:00+00:00,7000.000000,2256.600000,232.33,above,0.060000,0.055000,0.642850,0.559074,0.262835,0.005801,0.001061,0.000000,-5.419896,-5.893890,-6.000000,down,-8.3333,1_closest,1_atm,1_skew
ETH,701541,2026-05-13 21:00:00+00:00,2026-05-17 21:00:00+00:00,7500.000000,2256.600000,232.33,above,0.055500,0.046000,0.642850,0.559074,0.244781,0.003187,0.000478,0.000000,-5.231250,-5.502153,-5.550000,down,-17.1171,1_closest,1_atm,1_skew
ETH,701543,2026-05-13 21:00:00+00:00,2026-05-17 21:00:00+00:00,6500.000000,2256.600000,232.33,above,0.070000,0.065000,0.642850,0.559074,0.282228,0.010635,0.002375,0.000000,-5.936539,-6.762520,-7.000000,down,-7.1429,1_closest,1_atm,1_skew
ETH,701553,2026-05-13 21:00:00+00:00,2026-05-17 21:00:00+00:00,1000.000000,2256.600000,232.33,below,0.165000,0.185000,0.773725,0.559074,0.772048,0.076642,0.011757,0.075925,-8.835818,-15.324336,-8.907476,up,12.1212,0_closest,0_atm,0_skew
ETH,701544,2026-05-13 21:00:00+00:00,2026-05-17 21:00:00+00:00,6000.000000,2256.600000,232.33,above,0.090000,0.065000,0.642850,0.559074,0.303174,0.019607,0.005351,0.000000,-7.039254,-8.464861,-8.999997,down,-27.7778,1_closest,1_atm,1_skew
GOLD,2074210,2026-05-17 20:00:00+00:00,2026-05-21 20:00:00+00:00,4200.000000,4531.000000,14.33,below,0.122000,0.052500,0.242000,0.675839,0.681291,0.023150,0.370398,0.373422,-9.885035,24.839806,25.142229,down,-56.9672,1_closest,0_atm,0_skew
GOLD,2182293,2026-05-17 20:00:00+00:00,2026-05-21 20:00:00+00:00,4850.000000,4531.000000,14.33,above,0.135000,0.055000,0.242000,0.675839,0.670948,0.048557,0.532806,0.528924,-8.644327,39.780622,39.392383,down,-59.2593,1_closest,0_atm,0_skew
OIL,2074235,2026-05-17 20:00:00+00:00,2026-05-21 20:00:00+00:00,130.000000,101.860000,14.33,above,0.095000,0.045000,0.740000,0.675839,0.658305,0.024524,0.013096,0.010704,-7.047567,-8.190371,-8.429556,down,-52.6316,1_closest,1_atm,1_skew
OIL,2230536,2026-05-17 20:00:00+00:00,2026-05-21 20:00:00+00:00,90.000000,101.860000,14.33,below,0.380000,0.565000,0.740000,0.675839,0.684736,0.194454,0.160956,0.165709,-18.554618,-21.904354,-21.429062,up,48.6842,0_closest,0_atm,0_skew
GOLD,2074204,2026-05-17 20:00:00+00:00,2026-05-21 20:00:00+00:00,4800.000000,4531.000000,14.33,above,0.245000,0.155000,0.242000,0.675839,0.671693,0.095541,0.607041,0.604011,-14.945883,36.204111,35.901105,down,-36.7347,1_closest,0_atm,0_skew
OIL,2074240,2026-05-17 20:00:00+00:00,2026-05-21 20:00:00+00:00,80.000000,101.860000,14.33,below,0.100000,0.105000,0.740000,0.675839,0.693202,0.014957,0.008155,0.009762,-8.504276,-9.184522,-9.023752,up,5.0000,0_closest,0_atm,0_skew
OIL,2132637,2026-05-17 20:00:00+00:00,2026-05-21 20:00:00+00:00,85.000000,101.860000,14.33,below,0.195000,0.265000,0.740000,0.675839,0.688845,0.064494,0.044917,0.048704,-13.050626,-15.008290,-14.629619,up,35.8974,0_closest,0_atm,0_skew
OIL,2230535,2026-05-17 20:00:00+00:00,2026-05-21 20:00:00+00:00,95.000000,101.860000,14.33,below,0.600000,0.805000,0.740000,0.675839,0.680850,0.437694,0.406009,0.408679,-16.230611,-19.399123,-19.132116,up,34.1667,0_closest,0_atm,0_skew
OIL,2132638,2026-05-17 20:00:00+00:00,2026-05-21 20:00:00+00:00,115.000000,101.860000,14.33,above,0.345000,0.185000,0.740000,0.675839,0.667117,0.286225,0.235418,0.228401,-5.877468,-10.958167,-11.659898,down,-46.3768,1_closest,1_atm,1_skew
OIL,2074234,2026-05-17 20:00:00+00:00,2026-05-21 20:00:00+00:00,140.000000,101.860000,14.33,above,0.033500,0.019500,0.740000,0.675839,0.652978,0.003042,0.001100,0.000713,-3.045832,-3.240015,-3.278672,down,-41.7910,1_closest,1_atm,1_skew
OIL,2074241,2026-05-17 20:00:00+00:00,2026-05-21 20:00:00+00:00,70.000000,101.860000,14.33,below,0.026500,0.027000,0.740000,0.675839,0.702800,0.000221,0.000055,0.000103,-2.627909,-2.644471,-2.639654,up,1.8868,0_closest,0_atm,0_skew
GOLD,2074202,2026-05-17 20:00:00+00:00,2026-05-21 20:00:00+00:00,5000.000000,4531.000000,14.33,above,0.035500,0.021000,0.242000,0.675839,0.668759,0.004096,0.344474,0.338383,-3.140422,30.897360,30.288285,down,-40.8451,1_closest,0_atm,0_skew
OIL,2074233,2026-05-17 20:00:00+00:00,2026-05-21 20:00:00+00:00,150.000000,101.860000,14.33,above,0.022500,0.010500,0.740000,0.675839,0.648019,0.000285,0.000065,0.000030,-2.221527,-2.243451,-2.246973,down,-53.3333,1_closest,1_atm,1_skew
GOLD,2074201,2026-05-17 20:00:00+00:00,2026-05-21 20:00:00+00:00,5100.000000,4531.000000,14.33,above,0.028000,0.006000,0.242000,0.675839,0.667336,0.000551,0.248308,0.241367,-2.744895,22.030786,21.336679,down,-78.5714,1_closest,0_atm,0_skew
GOLD,2074203,2026-05-17 20:00:00+00:00,2026-05-21 20:00:00+00:00,4900.000000,4531.000000,14.33,above,0.060000,0.036000,0.242000,0.675839,0.670211,0.022910,0.464149,0.459444,-3.708962,40.414907,39.944424,down,-40.0000,1_closest,0_atm,0_skew
GOLD,2074211,2026-05-17 20:00:00+00:00,2026-05-21 20:00:00+00:00,4100.000000,4531.000000,14.33,below,0.031500,0.029500,0.242000,0.675839,0.683023,0.002868,0.250067,0.254248,-2.863228,21.856704,22.274849,down,-6.3492,1_closest,0_atm,0_skew
OIL,2074242,2026-05-17 20:00:00+00:00,2026-05-21 20:00:00+00:00,60.000000,101.860000,14.33,below,0.010500,0.008500,0.740000,0.675839,0.713881,0.000000,0.000000,0.000000,-1.049971,-1.049998,-1.049990,down,-19.0476,1_closest,1_atm,1_skew
OIL,2074236,2026-05-17 20:00:00+00:00,2026-05-21 20:00:00+00:00,120.000000,101.860000,14.33,above,0.215000,0.115000,0.740000,0.675839,0.664058,0.139707,0.101855,0.095260,-7.529289,-11.314510,-11.973960,down,-46.5116,1_closest,1_atm,1_skew
GOLD,2074200,2026-05-17 20:00:00+00:00,2026-05-21 20:00:00+00:00,5200.000000,4531.000000,14.33,above,0.015500,0.003000,0.242000,0.675839,0.665940,0.000056,0.173983,0.166813,-1.544355,15.848343,15.131265,down,-80.6452,1_closest,0_atm,0_skew
GOLD,2074199,2026-05-17 20:00:00+00:00,2026-05-21 20:00:00+00:00,5300.000000,4531.000000,14.33,above,0.011500,0.004000,0.242000,0.675839,0.664571,0.000004,0.118605,0.111767,-1.149554,10.710507,10.026689,down,-65.2174,1_closest,0_atm,0_skew
OIL,2074237,2026-05-17 20:00:00+00:00,2026-05-21 20:00:00+00:00,110.000000,101.860000,14.33,above,0.585000,0.275000,0.740000,0.675839,0.670313,0.523638,0.473296,0.468701,-6.136190,-11.170440,-11.629904,down,-52.9915,1_closest,1_atm,1_skew
GOLD,2074198,2026-05-17 20:00:00+00:00,2026-05-21 20:00:00+00:00,5400.000000,4531.000000,14.33,above,0.008000,0.002500,0.242000,0.675839,0.663227,0.000000,0.078741,0.072648,-0.799973,7.074133,6.464827,down,-68.7500,1_closest,0_atm,0_skew
OIL,2128304,2026-05-17 20:00:00+00:00,2026-05-21 20:00:00+00:00,200.000000,101.860000,14.33,above,0.005500,0.003500,0.740000,0.675839,0.627341,0.000000,0.000000,0.000000,-0.550000,-0.550000,-0.550000,down,-36.3636,1_closest,1_atm,1_skew
OIL,2074244,2026-05-17 20:00:00+00:00,2026-05-21 20:00:00+00:00,40.000000,101.860000,14.33,below,0.004500,0.002000,0.740000,0.675839,0.743025,0.000000,0.000000,0.000000,-0.450000,-0.450000,-0.450000,down,-55.5556,1_closest,1_atm,1_skew
OIL,2074243,2026-05-17 20:00:00+00:00,2026-05-21 20:00:00+00:00,50.000000,101.860000,14.33,below,0.005000,0.003500,0.740000,0.675839,0.726986,0.000000,0.000000,0.000000,-0.500000,-0.500000,-0.500000,down,-30.0000,1_closest,1_atm,1_skew
OIL,2074246,2026-05-17 20:00:00+00:00,2026-05-21 20:00:00+00:00,20.000000,101.860000,14.33,below,0.001500,0.001500,0.740000,0.675839,0.792847,0.000000,0.000000,0.000000,-0.150000,-0.150000,-0.150000,down,0.0000,1_closest,1_atm,1_skew
OIL,2074245,2026-05-17 20:00:00+00:00,2026-05-21 20:00:00+00:00,30.000000,101.860000,14.33,below,0.001500,0.001500,0.740000,0.675839,0.763703,0.000000,0.000000,0.000000,-0.150000,-0.150000,-0.150000,down,0.0000,1_closest,1_atm,1_skew
BTC,2132778,2026-05-17 20:00:00+00:00,2026-05-21 20:00:00+00:00,75000.000000,78246.000000,14.33,below,0.545000,0.465000,0.384450,0.675839,0.678884,0.400697,0.587747,0.588836,-14.430310,4.274654,4.383560,down,-14.6789,1_closest,0_atm,0_skew
BTC,2132780,2026-05-17 20:00:00+00:00,2026-05-21 20:00:00+00:00,65000.000000,78246.000000,14.33,below,0.044500,0.020000,0.660225,0.675839,0.689170,0.035966,0.040055,0.043678,-0.853408,-0.444529,-0.082195,down,-55.0562,1_closest,1_atm,1_skew
BTC,2132775,2026-05-17 20:00:00+00:00,2026-05-21 20:00:00+00:00,90000.000000,78246.000000,14.33,above,0.034500,0.014500,0.390850,0.675839,0.665779,0.012398,0.166626,0.159467,-2.210235,13.212617,12.496746,down,-57.9710,1_closest,0_atm,0_skew
BTC,2132779,2026-05-17 20:00:00+00:00,2026-05-21 20:00:00+00:00,70000.000000,78246.000000,14.33,below,0.155000,0.075000,0.444550,0.675839,0.683843,0.064308,0.203858,0.208394,-9.069220,4.885793,5.339403,down,-51.6129,1_closest,0_atm,0_skew
BTC,2132783,2026-05-17 20:00:00+00:00,2026-05-21 20:00:00+00:00,50000.000000,78246.000000,14.33,below,0.006500,0.003500,1.107050,0.675839,0.708028,0.003149,0.000002,0.000005,-0.335067,-0.649821,-0.649494,down,-46.1538,1_closest,1_atm,1_skew
BTC,2132776,2026-05-17 20:00:00+00:00,2026-05-21 20:00:00+00:00,85000.000000,78246.000000,14.33,above,0.205000,0.065000,0.364100,0.675839,0.669888,0.116003,0.435650,0.430603,-8.899743,23.064962,22.560253,down,-68.2927,1_closest,0_atm,0_skew
BTC,2132774,2026-05-17 20:00:00+00:00,2026-05-21 20:00:00+00:00,95000.000000,78246.000000,14.33,above,0.011500,0.009500,0.459150,0.675839,0.661893,0.003165,0.050695,0.045590,-0.833538,3.919501,3.408964,down,-17.3913,1_closest,0_atm,0_skew
BTC,2132771,2026-05-17 20:00:00+00:00,2026-05-21 20:00:00+00:00,110000.000000,78246.000000,14.33,above,0.004500,0.002500,0.505075,0.675839,0.651355,0.000002,0.000462,0.000272,-0.449788,-0.403833,-0.422808,down,-44.4444,1_closest,1_atm,1_skew
BTC,2132772,2026-05-17 20:00:00+00:00,2026-05-21 20:00:00+00:00,105000.000000,78246.000000,14.33,above,0.004500,0.003500,0.505075,0.675839,0.654699,0.000044,0.002605,0.001845,-0.445586,-0.189500,-0.265495,down,-22.2222,1_closest,1_atm,1_skew
BTC,2132784,2026-05-17 20:00:00+00:00,2026-05-21 20:00:00+00:00,45000.000000,78246.000000,14.33,below,0.004500,0.002500,1.256575,0.675839,0.715601,0.001510,0.000000,0.000000,-0.299005,-0.450000,-0.449997,down,-44.4444,1_closest,1_atm,1_skew
BTC,2132770,2026-05-17 20:00:00+00:00,2026-05-21 20:00:00+00:00,115000.000000,78246.000000,14.33,above,0.003500,0.001500,0.505075,0.675839,0.648160,0.000000,0.000071,0.000033,-0.349992,-0.342855,-0.346659,down,-57.1429,1_closest,1_atm,1_skew
BTC,2132781,2026-05-17 20:00:00+00:00,2026-05-21 20:00:00+00:00,60000.000000,78246.000000,14.33,below,0.023500,0.010500,0.759025,0.675839,0.694923,0.009247,0.003751,0.004742,-1.425276,-1.974911,-1.875812,down,-55.3191,1_closest,1_atm,1_skew
BTC,2132768,2026-05-17 20:00:00+00:00,2026-05-21 20:00:00+00:00,150000.000000,78246.000000,14.33,above,0.002500,0.002500,0.505075,0.675839,0.629062,0.000000,0.000000,0.000000,-0.250000,-0.250000,-0.250000,down,0.0000,1_closest,1_atm,1_skew
BTC,2132773,2026-05-17 20:00:00+00:00,2026-05-21 20:00:00+00:00,100000.000000,78246.000000,14.33,above,0.004500,0.004500,0.505075,0.675839,0.658206,0.000685,0.012571,0.010242,-0.381464,0.807146,0.574208,down,0.0000,1_closest,0_atm,0_skew
BTC,2132769,2026-05-17 20:00:00+00:00,2026-05-21 20:00:00+00:00,120000.000000,78246.000000,14.33,above,0.001500,0.001500,0.505075,0.675839,0.645101,0.000000,0.000010,0.000003,-0.150000,-0.149016,-0.149652,down,0.0000,1_closest,1_atm,1_skew
BTC,2132787,2026-05-17 20:00:00+00:00,2026-05-21 20:00:00+00:00,30000.000000,78246.000000,14.33,below,0.001500,0.000500,1.256575,0.675839,0.744746,0.000000,0.000000,0.000000,-0.149993,-0.150000,-0.150000,down,-66.6667,1_closest,1_atm,1_skew
BTC,2132786,2026-05-17 20:00:00+00:00,2026-05-21 20:00:00+00:00,35000.000000,78246.000000,14.33,below,0.001500,0.001500,1.256575,0.675839,0.733665,0.000006,0.000000,0.000000,-0.149441,-0.150000,-0.150000,down,0.0000,1_closest,1_atm,1_skew
BTC,2132782,2026-05-17 20:00:00+00:00,2026-05-21 20:00:00+00:00,55000.000000,78246.000000,14.33,below,0.010500,0.006500,0.845125,0.675839,0.701177,0.002129,0.000143,0.000242,-0.837117,-1.035704,-1.025819,down,-38.0952,1_closest,1_atm,1_skew
BTC,2132785,2026-05-17 20:00:00+00:00,2026-05-21 20:00:00+00:00,40000.000000,78246.000000,14.33,below,0.002500,0.001500,1.256575,0.675839,0.724067,0.000139,0.000000,0.000000,-0.236079,-0.250000,-0.250000,down,-40.0000,1_closest,1_atm,1_skew
GOLD,2001214,2026-05-17 20:00:00+00:00,2026-05-21 20:00:00+00:00,4900.000000,4531.000000,43.90,above,0.425000,0.255000,0.242000,0.675839,0.670211,0.207673,0.759078,0.755011,-21.732749,33.407812,33.001140,down,-40.0000,1_closest,0_atm,0_skew
GOLD,1032257,2026-05-17 20:00:00+00:00,2026-05-21 20:00:00+00:00,4400.000000,4531.000000,43.90,above,0.297000,0.362500,0.242000,0.675839,0.677947,1.000000,1.000000,1.000000,70.300000,70.300000,70.300000,up,22.0539,1_closest,1_atm,1_skew
GOLD,2001237,2026-05-17 20:00:00+00:00,2026-05-21 20:00:00+00:00,5000.000000,4531.000000,43.90,above,0.355000,0.185000,0.242000,0.675839,0.668759,0.109502,0.668218,0.662385,-24.549774,31.321781,30.738480,down,-47.8873,1_closest,0_atm,0_skew
GOLD,1032289,2026-05-17 20:00:00+00:00,2026-05-21 20:00:00+00:00,5200.000000,4531.000000,43.90,above,0.175000,0.100000,0.242000,0.675839,0.665940,0.023737,0.505888,0.496483,-15.126284,33.088797,32.148324,down,-42.8571,1_closest,0_atm,0_skew
GOLD,1032261,2026-05-17 20:00:00+00:00,2026-05-21 20:00:00+00:00,5600.000000,4531.000000,43.90,above,0.075000,0.045000,0.242000,0.675839,0.660613,0.000448,0.265956,0.251955,-7.455210,19.095644,17.695469,down,-40.0000,1_closest,0_atm,0_skew
GOLD,1032278,2026-05-17 20:00:00+00:00,2026-05-21 20:00:00+00:00,4200.000000,4531.000000,43.90,below,0.270000,0.200000,0.242000,0.675839,0.681291,0.181009,0.532984,0.534514,-8.899052,26.298444,26.451380,down,-25.9259,1_closest,0_atm,0_skew
GOLD,2001247,2026-05-17 20:00:00+00:00,2026-05-21 20:00:00+00:00,5200.000000,4531.000000,43.90,above,0.115000,0.075000,0.242000,0.675839,0.665940,0.023737,0.505888,0.496483,-9.126284,39.088797,38.148324,down,-34.7826,1_closest,0_atm,0_skew
GOLD,1032285,2026-05-17 20:00:00+00:00,2026-05-21 20:00:00+00:00,6000.000000,4531.000000,43.90,above,0.040000,0.020500,0.242000,0.675839,0.655654,0.000003,0.126332,0.112775,-3.999703,8.633210,7.277526,down,-48.7500,1_closest,0_atm,0_skew
GOLD,2001248,2026-05-17 20:00:00+00:00,2026-05-21 20:00:00+00:00,5300.000000,4531.000000,43.90,above,0.080000,0.038500,0.242000,0.675839,0.664571,0.009813,0.435278,0.424295,-7.018675,35.527826,34.429466,down,-51.8750,1_closest,0_atm,0_skew
GOLD,1032272,2026-05-17 20:00:00+00:00,2026-05-21 20:00:00+00:00,5500.000000,4531.000000,43.90,above,0.053000,0.031500,0.242000,0.675839,0.661908,0.001344,0.315524,0.302200,-5.165645,26.252379,24.920034,down,-40.5660,1_closest,0_atm,0_skew
GOLD,1032284,2026-05-17 20:00:00+00:00,2026-05-21 20:00:00+00:00,6200.000000,4531.000000,43.90,above,0.030000,0.015000,0.242000,0.675839,0.653297,0.000000,0.084243,0.072272,-2.999983,5.424273,4.227172,down,-50.0000,1_closest,0_atm,0_skew
GOLD,2001254,2026-05-17 20:00:00+00:00,2026-05-21 20:00:00+00:00,5400.000000,4531.000000,43.90,above,0.055000,0.030500,0.242000,0.675839,0.663227,0.003764,0.371868,0.359560,-5.123634,31.686791,30.455982,down,-44.5455,1_closest,0_atm,0_skew
GOLD,1032271,2026-05-17 20:00:00+00:00,2026-05-21 20:00:00+00:00,6000.000000,4531.000000,43.90,above,0.027000,0.018000,0.242000,0.675839,0.655654,0.000003,0.126332,0.112775,-2.699703,9.933210,8.577526,down,-33.3333,1_closest,0_atm,0_skew
GOLD,1032263,2026-05-17 20:00:00+00:00,2026-05-21 20:00:00+00:00,6200.000000,4531.000000,43.90,above,0.020000,0.017500,0.242000,0.675839,0.653297,0.000000,0.084243,0.072272,-1.999983,6.424273,5.227172,down,-12.5000,1_closest,0_atm,0_skew
GOLD,1032280,2026-05-17 20:00:00+00:00,2026-05-21 20:00:00+00:00,3400.000000,4531.000000,43.90,below,0.018500,0.018000,0.242000,0.675839,0.696480,0.000001,0.058552,0.065441,-1.849903,4.005199,4.694122,down,-2.7027,1_closest,0_atm,0_skew
GOLD,1032256,2026-05-17 20:00:00+00:00,2026-05-21 20:00:00+00:00,4000.000000,4531.000000,43.90,above,0.144000,0.151000,0.242000,0.675839,0.684798,1.000000,1.000000,1.000000,85.600000,85.600000,85.600000,up,4.8611,1_closest,1_atm,1_skew
GOLD,1032269,2026-05-17 20:00:00+00:00,2026-05-21 20:00:00+00:00,6500.000000,4531.000000,43.90,above,0.019500,0.012000,0.242000,0.675839,0.649901,0.000000,0.044251,0.035294,-1.950000,2.475073,1.579380,down,-38.4615,1_closest,0_atm,0_skew
GOLD,1032283,2026-05-17 20:00:00+00:00,2026-05-21 20:00:00+00:00,6500.000000,4531.000000,43.90,above,0.024500,0.025000,0.242000,0.675839,0.649901,0.000000,0.044251,0.035294,-2.450000,1.975073,1.079380,up,2.0408,0_closest,1_atm,1_skew
GOLD,1032270,2026-05-17 20:00:00+00:00,2026-05-21 20:00:00+00:00,6200.000000,4531.000000,43.90,above,0.020000,0.012000,0.242000,0.675839,0.653297,0.000000,0.084243,0.072272,-1.999983,6.424273,5.227172,down,-40.0000,1_closest,0_atm,0_skew
GOLD,1032262,2026-05-17 20:00:00+00:00,2026-05-21 20:00:00+00:00,6000.000000,4531.000000,43.90,above,0.019000,0.017500,0.242000,0.675839,0.655654,0.000003,0.126332,0.112775,-1.899703,10.733210,9.377526,down,-7.8947,1_closest,0_atm,0_skew
GOLD,1272712,2026-05-17 20:00:00+00:00,2026-05-21 20:00:00+00:00,5700.000000,4531.000000,43.90,above,0.032000,0.021500,0.242000,0.675839,0.659341,0.000140,0.222760,0.208420,-3.186010,19.075987,17.642020,down,-32.8125,1_closest,0_atm,0_skew
GOLD,1032282,2026-05-17 20:00:00+00:00,2026-05-21 20:00:00+00:00,7000.000000,4531.000000,43.90,above,0.016000,0.029000,0.242000,0.675839,0.644574,0.000000,0.013937,0.009491,-1.600000,-0.206270,-0.650907,up,81.2500,0_closest,0_atm,0_skew
GOLD,2001245,2026-05-17 20:00:00+00:00,2026-05-21 20:00:00+00:00,5100.000000,4531.000000,43.90,above,0.215000,0.120000,0.242000,0.675839,0.667336,0.053096,0.583634,0.575981,-16.190362,36.863363,36.098073,down,-44.1860,1_closest,0_atm,0_skew
GOLD,1032267,2026-05-17 20:00:00+00:00,2026-05-21 20:00:00+00:00,8000.000000,4531.000000,43.90,above,0.013500,0.009000,0.242000,0.675839,0.634976,0.000000,0.001096,0.000473,-1.350000,-1.240372,-1.302652,down,-33.3333,1_closest,1_atm,1_skew
GOLD,1032281,2026-05-17 20:00:00+00:00,2026-05-21 20:00:00+00:00,8000.000000,4531.000000,43.90,above,0.015500,0.014500,0.242000,0.675839,0.634976,0.000000,0.001096,0.000473,-1.550000,-1.440372,-1.502652,down,-6.4516,1_closest,1_atm,1_skew
GOLD,1032279,2026-05-17 20:00:00+00:00,2026-05-21 20:00:00+00:00,3800.000000,4531.000000,43.90,below,0.034500,0.038500,0.242000,0.675839,0.688485,0.002493,0.219687,0.225910,-3.200690,18.518663,19.140983,up,11.5942,0_closest,1_atm,1_skew
GOLD,1032268,2026-05-17 20:00:00+00:00,2026-05-21 20:00:00+00:00,7000.000000,4531.000000,43.90,above,0.013500,0.011500,0.242000,0.675839,0.644574,0.000000,0.013937,0.009491,-1.350000,0.043730,-0.400907,down,-14.8148,1_closest,0_atm,1_skew
GOLD,1272717,2026-05-17 20:00:00+00:00,2026-05-21 20:00:00+00:00,8500.000000,4531.000000,43.90,above,0.011000,0.007000,0.242000,0.675839,0.630618,0.000000,0.000283,0.000091,-1.100000,-1.071697,-1.090908,down,-36.3636,1_closest,1_atm,1_skew
GOLD,1032259,2026-05-17 20:00:00+00:00,2026-05-21 20:00:00+00:00,4800.000000,4531.000000,43.90,above,0.300000,0.295000,0.242000,0.675839,0.671693,0.361490,0.855367,0.852885,6.149023,55.536726,55.288485,down,-1.6667,0_closest,0_atm,0_skew
GOLD,1295945,2026-05-17 20:00:00+00:00,2026-05-21 20:00:00+00:00,10000.000000,4531.000000,43.90,above,0.006500,0.003500,0.242000,0.675839,0.618937,0.000000,0.000004,0.000000,-0.650000,-0.649599,-0.649959,down,-46.1538,1_closest,1_atm,1_skew
GOLD,1295944,2026-05-17 20:00:00+00:00,2026-05-21 20:00:00+00:00,9000.000000,4531.000000,43.90,above,0.007000,0.006000,0.242000,0.675839,0.626510,0.000000,0.000070,0.000016,-0.700000,-0.692968,-0.698392,down,-14.2857,1_closest,1_atm,1_skew
GOLD,1032255,2026-05-17 20:00:00+00:00,2026-05-21 20:00:00+00:00,3800.000000,4531.000000,43.90,below,0.017000,0.017500,0.242000,0.675839,0.688485,0.002493,0.219687,0.225910,-1.450690,20.268663,20.890983,up,2.9412,0_closest,1_atm,1_skew
OIL,1652672,2026-05-17 20:00:00+00:00,2026-05-21 20:00:00+00:00,115.000000,101.860000,43.94,above,0.578000,0.494500,0.740000,0.675839,0.667117,0.626413,0.571413,0.563482,4.841253,-0.658710,-1.451846,down,-14.4464,0_closest,1_atm,1_skew
OIL,1652685,2026-05-17 20:00:00+00:00,2026-05-21 20:00:00+00:00,130.000000,101.860000,43.94,above,0.295000,0.215000,0.740000,0.675839,0.658305,0.245193,0.191755,0.177372,-4.980673,-10.324517,-11.762836,down,-27.1186,1_closest,1_atm,1_skew
OIL,1652690,2026-05-17 20:00:00+00:00,2026-05-21 20:00:00+00:00,140.000000,101.860000,43.94,above,0.185000,0.165000,0.740000,0.675839,0.652978,0.116344,0.079711,0.067982,-6.865649,-10.528863,-11.701797,down,-10.8108,1_closest,1_atm,1_skew
OIL,1652706,2026-05-17 20:00:00+00:00,2026-05-21 20:00:00+00:00,80.000000,101.860000,43.94,below,0.360000,0.435000,0.740000,0.675839,0.693202,0.130487,0.104639,0.111715,-22.951298,-25.536118,-24.828543,up,20.8333,0_closest,0_atm,0_skew
OIL,1494702,2026-05-17 20:00:00+00:00,2026-05-21 20:00:00+00:00,150.000000,101.860000,43.94,above,0.115000,0.105000,0.740000,0.675839,0.648019,0.051136,0.030123,0.022876,-6.386411,-8.487714,-9.212443,down,-8.6957,1_closest,1_atm,1_skew
OIL,1652691,2026-05-17 20:00:00+00:00,2026-05-21 20:00:00+00:00,175.000000,101.860000,43.94,above,0.045000,0.045000,0.740000,0.675839,0.636939,0.005119,0.001947,0.000943,-3.988065,-4.305271,-4.405708,down,0.0000,1_closest,1_atm,1_skew
OIL,1032425,2026-05-17 20:00:00+00:00,2026-05-21 20:00:00+00:00,52.000000,101.860000,43.94,above,0.959000,0.974500,0.740000,0.675839,0.724166,1.000000,1.000000,1.000000,4.100000,4.100000,4.100000,up,1.6163,1_closest,1_atm,1_skew
OIL,1032408,2026-05-17 20:00:00+00:00,2026-05-21 20:00:00+00:00,55.000000,101.860000,43.94,below,0.034500,0.023500,0.740000,0.675839,0.720135,0.000657,0.000192,0.000464,-3.384313,-3.430807,-3.403596,down,-31.8841,1_closest,1_atm,1_skew
OIL,1032397,2026-05-17 20:00:00+00:00,2026-05-21 20:00:00+00:00,66.500000,101.860000,43.94,above,0.024500,0.010000,0.740000,0.675839,0.706487,1.000000,1.000000,1.000000,97.550000,97.550000,97.550000,down,-59.1837,0_closest,0_atm,0_skew
OIL,1494703,2026-05-17 20:00:00+00:00,2026-05-21 20:00:00+00:00,200.000000,101.860000,43.94,above,0.018500,0.014500,0.740000,0.675839,0.627341,0.000408,0.000095,0.000023,-1.809207,-1.840516,-1.847662,down,-21.6216,1_closest,1_atm,1_skew
OIL,1652695,2026-05-17 20:00:00+00:00,2026-05-21 20:00:00+00:00,60.000000,101.860000,43.94,below,0.045000,0.055000,0.740000,0.675839,0.713881,0.003131,0.001238,0.002208,-4.186869,-4.376174,-4.279175,up,22.2222,0_closest,0_atm,0_skew
OIL,1032409,2026-05-17 20:00:00+00:00,2026-05-21 20:00:00+00:00,52.000000,101.860000,43.94,below,0.021000,0.018500,0.740000,0.675839,0.724166,0.000214,0.000050,0.000155,-2.078576,-2.094971,-2.084497,down,-11.9048,1_closest,1_atm,1_skew
OIL,1032410,2026-05-17 20:00:00+00:00,2026-05-21 20:00:00+00:00,50.000000,101.860000,43.94,below,0.017500,0.017000,0.740000,0.675839,0.726986,0.000093,0.000018,0.000069,-1.740722,-1.748152,-1.743087,down,-2.8571,1_closest,1_atm,1_skew
OIL,1032412,2026-05-17 20:00:00+00:00,2026-05-21 20:00:00+00:00,45.000000,101.860000,43.94,below,0.015000,0.005500,0.740000,0.675839,0.734559,0.000008,0.000001,0.000007,-1.499213,-1.499904,-1.499328,down,-63.3333,1_closest,1_atm,1_skew
OIL,1032398,2026-05-17 20:00:00+00:00,2026-05-21 20:00:00+00:00,73.500000,101.860000,43.94,above,0.080500,0.058500,0.740000,0.675839,0.699294,1.000000,1.000000,1.000000,91.950000,91.950000,91.950000,down,-27.3292,0_closest,0_atm,0_skew
OIL,1032411,2026-05-17 20:00:00+00:00,2026-05-21 20:00:00+00:00,47.000000,101.860000,43.94,below,0.014500,0.014000,0.740000,0.675839,0.731433,0.000023,0.000003,0.000018,-1.447735,-1.449658,-1.448191,down,-3.4483,1_closest,1_atm,1_skew
OIL,1652697,2026-05-17 20:00:00+00:00,2026-05-21 20:00:00+00:00,70.000000,101.860000,43.94,below,0.095000,0.155000,0.740000,0.675839,0.702800,0.029741,0.018019,0.022583,-6.525900,-7.698142,-7.241689,up,63.1579,0_closest,0_atm,0_skew
OIL,1032413,2026-05-17 20:00:00+00:00,2026-05-21 20:00:00+00:00,40.000000,101.860000,43.94,below,0.011000,0.007500,0.740000,0.675839,0.743025,0.000000,0.000000,0.000000,-1.099966,-1.099998,-1.099962,down,-31.8182,1_closest,1_atm,1_skew
OIL,1032422,2026-05-17 20:00:00+00:00,2026-05-21 20:00:00+00:00,60.000000,101.860000,43.94,above,0.965500,0.965500,0.740000,0.675839,0.713881,1.000000,1.000000,1.000000,3.450000,3.450000,3.450000,down,0.0000,0_closest,0_atm,0_skew
OIL,1032423,2026-05-17 20:00:00+00:00,2026-05-21 20:00:00+00:00,56.000000,101.860000,43.94,above,0.970500,0.970000,0.740000,0.675839,0.718840,1.000000,1.000000,1.000000,2.950000,2.950000,2.950000,down,-0.0515,0_closest,0_atm,0_skew
OIL,1032393,2026-05-17 20:00:00+00:00,2026-05-21 20:00:00+00:00,42.000000,101.860000,43.94,below,0.012000,0.002500,0.740000,0.675839,0.739518,0.000001,0.000000,0.000001,-1.199869,-1.199989,-1.199871,down,-79.1667,1_closest,1_atm,1_skew
OIL,1032414,2026-05-17 20:00:00+00:00,2026-05-21 20:00:00+00:00,35.000000,101.860000,43.94,below,0.007500,0.003500,0.740000,0.675839,0.752623,0.000000,0.000000,0.000000,-0.749999,-0.750000,-0.749999,down,-53.3333,1_closest,1_atm,1_skew
OIL,1032396,2026-05-17 20:00:00+00:00,2026-05-21 20:00:00+00:00,59.500000,101.860000,43.94,above,0.021500,0.007000,0.740000,0.675839,0.714482,1.000000,1.000000,1.000000,97.850000,97.850000,97.850000,down,-67.4419,0_closest,0_atm,0_skew
OIL,1032394,2026-05-17 20:00:00+00:00,2026-05-21 20:00:00+00:00,45.500000,101.860000,43.94,above,0.004500,0.004500,0.740000,0.675839,0.733764,1.000000,1.000000,1.000000,99.550000,99.550000,99.550000,down,0.0000,0_closest,0_atm,0_skew
OIL,1032395,2026-05-17 20:00:00+00:00,2026-05-21 20:00:00+00:00,52.500000,101.860000,43.94,above,0.009000,0.005500,0.740000,0.675839,0.723479,1.000000,1.000000,1.000000,99.100000,99.100000,99.100000,down,-38.8889,0_closest,0_atm,0_skew
GOLD,1294368,2026-05-17 20:00:00+00:00,2026-05-21 20:00:00+00:00,6000.000000,4531.000000,227.17,above,0.295000,0.290000,0.236000,0.675839,0.655654,0.045350,0.712993,0.687662,-24.965034,41.799282,39.266188,down,-1.6949,1_closest,0_atm,0_skew
GOLD,1294367,2026-05-17 20:00:00+00:00,2026-05-21 20:00:00+00:00,7000.000000,4531.000000,227.17,above,0.115000,0.110000,0.236000,0.675839,0.644574,0.001512,0.437326,0.395260,-11.348752,32.232638,28.025971,down,-4.3478,1_closest,0_atm,0_skew
GOLD,1294366,2026-05-17 20:00:00+00:00,2026-05-21 20:00:00+00:00,8000.000000,4531.000000,227.17,above,0.070000,0.075000,0.236000,0.675839,0.634976,0.000028,0.258097,0.211032,-6.997166,18.809721,14.103166,up,7.1429,0_closest,1_atm,1_skew
GOLD,1294365,2026-05-17 20:00:00+00:00,2026-05-21 20:00:00+00:00,10000.000000,4531.000000,227.17,above,0.055000,0.055000,0.236000,0.675839,0.618937,0.000000,0.084929,0.051467,-5.500000,2.992900,-0.353273,down,0.0000,1_closest,0_atm,1_skew
GOLD,1294364,2026-05-17 20:00:00+00:00,2026-05-21 20:00:00+00:00,12000.000000,4531.000000,227.17,above,0.049000,0.049500,0.236000,0.675839,0.605832,0.000000,0.027358,0.010961,-4.900000,-2.164223,-3.803925,up,1.0204,0_closest,0_atm,0_skew
GOLD,1294363,2026-05-17 20:00:00+00:00,2026-05-21 20:00:00+00:00,15000.000000,4531.000000,227.17,above,0.042000,0.041500,0.236000,0.675839,0.589793,0.000000,0.005138,0.000935,-4.200000,-3.686183,-4.106524,down,-1.1905,1_closest,1_atm,1_skew
BTC,701495,2026-05-17 20:00:00+00:00,2026-05-21 20:00:00+00:00,110000.000000,78246.000000,228.38,above,0.235000,0.245000,0.438200,0.675839,0.651355,0.252350,0.600921,0.568243,1.735024,36.592083,33.324273,up,4.2553,1_closest,1_atm,1_skew
BTC,701496,2026-05-17 20:00:00+00:00,2026-05-21 20:00:00+00:00,100000.000000,78246.000000,228.38,above,0.415000,0.395000,0.434425,0.675839,0.658206,0.443320,0.786436,0.765559,2.831991,37.143611,35.055928,down,-4.8193,0_closest,0_atm,0_skew
BTC,1339767,2026-05-17 20:00:00+00:00,2026-05-21 20:00:00+00:00,50000.000000,78246.000000,228.38,below,0.385000,0.385000,0.577100,0.675839,0.708028,0.143524,0.209920,0.231221,-24.147632,-17.507961,-15.377904,down,0.0000,1_closest,1_atm,1_skew
BTC,1345531,2026-05-17 20:00:00+00:00,2026-05-21 20:00:00+00:00,90000.000000,78246.000000,228.38,above,0.655000,0.615000,0.435100,0.675839,0.665779,0.740103,0.990000,0.990000,8.510320,33.500000,33.500000,down,-6.1069,0_closest,0_atm,0_skew
BTC,701501,2026-05-17 20:00:00+00:00,2026-05-21 20:00:00+00:00,55000.000000,78246.000000,228.38,below,0.455000,0.470000,0.540475,0.675839,0.701177,0.193838,0.289597,0.306187,-26.116222,-16.540293,-14.881331,up,3.2967,0_closest,0_atm,0_skew
BTC,701502,2026-05-17 20:00:00+00:00,2026-05-21 20:00:00+00:00,45000.000000,78246.000000,228.38,below,0.315000,0.285000,0.618350,0.675839,0.715601,0.104988,0.138868,0.163084,-21.001190,-17.613208,-15.191639,down,-9.5238,1_closest,1_atm,1_skew
BTC,701494,2026-05-17 20:00:00+00:00,2026-05-21 20:00:00+00:00,120000.000000,78246.000000,228.38,above,0.175000,0.175000,0.443075,0.675839,0.645101,0.139476,0.451295,0.409739,-3.552421,27.629470,23.473898,down,0.0000,1_closest,0_atm,0_skew
BTC,1339768,2026-05-17 20:00:00+00:00,2026-05-21 20:00:00+00:00,40000.000000,78246.000000,228.38,below,0.225000,0.225000,0.618350,0.675839,0.724067,0.055447,0.081206,0.105322,-16.955269,-14.379392,-11.967836,down,0.0000,1_closest,1_atm,1_skew
BTC,701493,2026-05-17 20:00:00+00:00,2026-05-21 20:00:00+00:00,130000.000000,78246.000000,228.38,above,0.120000,0.125000,0.447800,0.675839,0.639348,0.075655,0.334543,0.288205,-4.434501,21.454258,16.820500,up,4.1667,0_closest,1_atm,1_skew
BTC,701492,2026-05-17 20:00:00+00:00,2026-05-21 20:00:00+00:00,140000.000000,78246.000000,228.38,above,0.110000,0.115000,0.466075,0.675839,0.634021,0.048718,0.245621,0.198460,-6.128240,13.562131,8.846011,up,4.5455,0_closest,1_atm,1_skew
BTC,701489,2026-05-17 20:00:00+00:00,2026-05-21 20:00:00+00:00,170000.000000,78246.000000,228.38,above,0.057000,0.051500,0.481950,0.675839,0.620065,0.009083,0.093998,0.058690,-4.791701,3.699806,0.169047,down,-9.6491,1_closest,0_atm,0_skew
BTC,701488,2026-05-17 20:00:00+00:00,2026-05-21 20:00:00+00:00,180000.000000,78246.000000,228.38,above,0.050500,0.048500,0.481950,0.675839,0.615957,0.004788,0.067868,0.038113,-4.571180,1.736787,-1.238670,down,-3.9604,1_closest,0_atm,1_skew
BTC,701490,2026-05-17 20:00:00+00:00,2026-05-21 20:00:00+00:00,160000.000000,78246.000000,228.38,above,0.065000,0.055000,0.481950,0.675839,0.624423,0.017125,0.129951,0.089344,-4.787536,6.495054,2.434359,down,-15.3846,1_closest,0_atm,0_skew
BTC,701486,2026-05-17 20:00:00+00:00,2026-05-21 20:00:00+00:00,200000.000000,78246.000000,228.38,above,0.042500,0.041500,0.481950,0.675839,0.608384,0.001319,0.035326,0.015623,-4.118085,-0.717441,-2.687658,down,-2.3529,1_closest,1_atm,1_skew
BTC,701487,2026-05-17 20:00:00+00:00,2026-05-21 20:00:00+00:00,190000.000000,78246.000000,228.38,above,0.041500,0.041500,0.481950,0.675839,0.612071,0.002515,0.048963,0.024507,-3.898484,0.746297,-1.699343,down,0.0000,1_closest,0_atm,1_skew
BTC,701491,2026-05-17 20:00:00+00:00,2026-05-21 20:00:00+00:00,150000.000000,78246.000000,228.38,above,0.065000,0.080000,0.481950,0.675839,0.629062,0.031984,0.179089,0.134200,-3.301556,11.408895,6.919955,up,23.0769,0_closest,1_atm,1_skew
BTC,701503,2026-05-17 20:00:00+00:00,2026-05-21 20:00:00+00:00,35000.000000,78246.000000,228.38,below,0.140000,0.155000,0.668900,0.675839,0.733665,0.037849,0.040037,0.060552,-10.215082,-9.996256,-7.944839,up,10.7143,0_closest,0_atm,0_skew
BTC,1057883,2026-05-17 20:00:00+00:00,2026-05-21 20:00:00+00:00,250000.000000,78246.000000,228.38,above,0.026500,0.031000,0.481950,0.675839,0.592345,0.000054,0.007041,0.001500,-2.644643,-1.945919,-2.500025,up,16.9811,0_closest,0_atm,0_skew
BTC,1343219,2026-05-17 20:00:00+00:00,2026-05-21 20:00:00+00:00,20000.000000,78246.000000,228.38,below,0.065000,0.055000,1.010675,0.675839,0.773890,0.032313,0.000618,0.003278,-3.268671,-6.438243,-6.172210,down,-15.3846,1_closest,1_atm,1_skew
BTC,1057916,2026-05-17 20:00:00+00:00,2026-05-21 20:00:00+00:00,15000.000000,78246.000000,228.38,below,0.052500,0.052500,1.118750,0.675839,0.794568,0.022004,0.000033,0.000533,-3.049591,-5.246719,-5.196665,down,0.0000,1_closest,1_atm,1_skew
BTC,1343228,2026-05-17 20:00:00+00:00,2026-05-21 20:00:00+00:00,5000.000000,78246.000000,228.38,below,0.026500,0.027500,1.118750,0.675839,0.873534,0.000082,0.000000,0.000000,-2.641825,-2.650000,-2.649986,up,3.7736,0_closest,0_atm,0_skew
BTC,1393068,2026-05-17 20:00:00+00:00,2026-05-21 20:00:00+00:00,500000.000000,78246.000000,228.38,above,0.020500,0.023500,0.481950,0.675839,0.542522,0.000000,0.000006,0.000000,-2.050000,-2.049406,-2.049999,up,14.6341,0_closest,0_atm,0_skew
BTC,701504,2026-05-17 20:00:00+00:00,2026-05-21 20:00:00+00:00,25000.000000,78246.000000,228.38,below,0.080000,0.085000,0.811650,0.675839,0.757850,0.019731,0.004141,0.011669,-6.026929,-7.585907,-6.833092,up,6.2500,0_closest,0_atm,0_skew
BTC,1393070,2026-05-17 20:00:00+00:00,2026-05-21 20:00:00+00:00,1000000.000000,78246.000000,228.38,above,0.010500,0.009500,0.481950,0.675839,0.492700,0.000000,0.000000,0.000000,-1.050000,-1.050000,-1.050000,down,-9.5238,1_closest,1_atm,1_skew
BTC,1339769,2026-05-17 20:00:00+00:00,2026-05-21 20:00:00+00:00,30000.000000,78246.000000,228.38,below,0.105000,0.105000,0.811650,0.675839,0.744746,0.048686,0.015462,0.029725,-5.631399,-8.953785,-7.527546,down,0.0000,1_closest,1_atm,1_skew
BTC,1343220,2026-05-17 20:00:00+00:00,2026-05-21 20:00:00+00:00,10000.000000,78246.000000,228.38,below,0.036500,0.039500,1.118750,0.675839,0.823712,0.003884,0.000000,0.000031,-3.261590,-3.649979,-3.646893,up,8.2192,0_closest,0_atm,0_skew
ETH,2132800,2026-05-17 21:00:00+00:00,2026-05-21 21:00:00+00:00,1800.000000,2187.600000,14.29,below,0.056500,0.037500,0.891400,0.721797,0.745689,0.091351,0.042155,0.048443,3.485075,-1.434502,-0.805703,down,-33.6283,0_closest,1_atm,1_skew
ETH,2132802,2026-05-17 21:00:00+00:00,2026-05-21 21:00:00+00:00,1400.000000,2187.600000,14.29,below,0.010500,0.006500,1.572475,0.721797,0.776477,0.035259,0.000008,0.000032,2.475864,-1.049214,-1.046825,down,-38.0952,0_closest,1_atm,1_skew
ETH,2132803,2026-05-17 21:00:00+00:00,2026-05-21 21:00:00+00:00,1200.000000,2187.600000,14.29,below,0.004500,0.001500,2.000025,0.721797,0.795361,0.031025,0.000000,0.000000,2.652492,-0.450000,-0.449994,down,-66.6667,0_closest,1_atm,1_skew
ETH,2132804,2026-05-17 21:00:00+00:00,2026-05-21 21:00:00+00:00,1000.000000,2187.600000,14.29,below,0.001500,0.001500,2.433075,0.721797,0.817697,0.025057,0.000000,0.000000,2.355732,-0.150000,-0.150000,down,0.0000,0_closest,1_atm,1_skew
ETH,2132801,2026-05-17 21:00:00+00:00,2026-05-21 21:00:00+00:00,1600.000000,2187.600000,14.29,below,0.018500,0.018000,1.089775,0.721797,0.760118,0.028787,0.001383,0.002308,1.028705,-1.711711,-1.619188,down,-2.7027,0_closest,1_atm,1_skew
ETH,2132799,2026-05-17 21:00:00+00:00,2026-05-21 21:00:00+00:00,2000.000000,2187.600000,14.29,below,0.320000,0.285000,0.583075,0.721797,0.732781,0.237782,0.322786,0.328579,-8.221804,0.278588,0.857943,down,-10.9375,1_closest,0_atm,0_skew
ETH,2132805,2026-05-17 21:00:00+00:00,2026-05-21 21:00:00+00:00,800.000000,2187.600000,14.29,below,0.001500,0.000500,2.433075,0.721797,0.845034,0.004469,0.000000,0.000000,0.296864,-0.150000,-0.150000,down,-66.6667,0_closest,1_atm,1_skew
ETH,2132796,2026-05-17 21:00:00+00:00,2026-05-21 21:00:00+00:00,2600.000000,2187.600000,14.29,above,0.045000,0.014500,0.566000,0.721797,0.700639,0.035589,0.107600,0.096177,-0.941055,6.260024,5.117738,down,-67.7778,1_closest,0_atm,0_skew
ETH,2132795,2026-05-17 21:00:00+00:00,2026-05-21 21:00:00+00:00,2800.000000,2187.600000,14.29,above,0.019000,0.007000,0.666275,0.721797,0.691560,0.010641,0.019137,0.014130,-0.835920,0.013651,-0.487004,down,-63.1579,1_closest,0_atm,1_skew
ETH,2132790,2026-05-17 21:00:00+00:00,2026-05-21 21:00:00+00:00,3800.000000,2187.600000,14.29,above,0.002500,0.000500,0.895275,0.721797,0.654148,0.000018,0.000000,0.000000,-0.248154,-0.249992,-0.250000,down,-80.0000,1_closest,1_atm,1_skew
ETH,2132792,2026-05-17 21:00:00+00:00,2026-05-21 21:00:00+00:00,3400.000000,2187.600000,14.29,above,0.003500,0.001500,0.895275,0.721797,0.667774,0.000686,0.000020,0.000004,-0.281356,-0.348002,-0.349627,down,-57.1429,1_closest,1_atm,1_skew
ETH,2132793,2026-05-17 21:00:00+00:00,2026-05-21 21:00:00+00:00,3200.000000,2187.600000,14.29,above,0.004000,0.001500,0.895275,0.721797,0.675202,0.003603,0.000247,0.000084,-0.039730,-0.375263,-0.391553,down,-62.5000,1_closest,1_atm,1_skew
ETH,2132789,2026-05-17 21:00:00+00:00,2026-05-21 21:00:00+00:00,4000.000000,2187.600000,14.29,above,0.001500,0.000500,0.895275,0.721797,0.647865,0.000003,0.000000,0.000000,-0.149730,-0.150000,-0.150000,down,-66.6667,1_closest,1_atm,1_skew
ETH,2132791,2026-05-17 21:00:00+00:00,2026-05-21 21:00:00+00:00,3600.000000,2187.600000,14.29,above,0.001500,0.001500,0.895275,0.721797,0.660772,0.000118,0.000001,0.000000,-0.138245,-0.149864,-0.149988,down,0.0000,1_closest,1_atm,1_skew
ETH,2132794,2026-05-17 21:00:00+00:00,2026-05-21 21:00:00+00:00,3000.000000,2187.600000,14.29,above,0.005500,0.002500,0.740100,0.721797,0.683108,0.003218,0.002478,0.001334,-0.228185,-0.302173,-0.416565,down,-54.5455,1_closest,1_atm,1_skew
SPY,2236208,2026-05-17 21:00:00+00:00,2026-05-21 21:00:00+00:00,7850.000000,7391.700000,43.96,above,0.225000,0.195000,0.125300,0.721797,0.714428,0.054142,0.870908,0.866727,-17.085769,64.590825,64.172745,down,-13.3333,1_closest,0_atm,0_skew
SPY,1125382,2026-05-17 21:00:00+00:00,2026-05-21 21:00:00+00:00,6300.000000,7391.700000,43.96,below,0.145000,0.155000,0.280075,0.721797,0.741375,0.016668,0.280424,0.288987,-12.833221,13.542389,14.398729,up,6.8966,0_closest,1_atm,1_skew
SPY,1125383,2026-05-17 21:00:00+00:00,2026-05-21 21:00:00+00:00,6000.000000,7391.700000,43.96,below,0.085000,0.060000,0.320075,0.721797,0.747352,0.006250,0.175473,0.186559,-7.874993,9.047268,10.155892,down,-29.4118,1_closest,0_atm,0_skew
SPY,1125386,2026-05-17 21:00:00+00:00,2026-05-21 21:00:00+00:00,8600.000000,7391.700000,228.00,above,0.105000,0.145000,0.149100,0.721797,0.703249,0.082976,0.990000,0.990000,-2.202409,88.500000,88.500000,up,38.0952,0_closest,1_atm,1_skew
SPY,1125393,2026-05-17 21:00:00+00:00,2026-05-21 21:00:00+00:00,6200.000000,7391.700000,228.00,below,0.383000,0.392500,0.251950,0.721797,0.743335,0.164713,0.487058,0.496896,-21.828705,10.405845,11.389616,up,2.4804,0_closest,1_atm,1_skew
SPY,1125396,2026-05-17 21:00:00+00:00,2026-05-21 21:00:00+00:00,4500.000000,7391.700000,228.00,below,0.085000,0.095000,0.365000,0.721797,0.782596,0.012909,0.204147,0.242794,-7.209099,11.914702,15.779424,up,11.7647,0_closest,1_atm,1_skew
SPY,1125395,2026-05-17 21:00:00+00:00,2026-05-21 21:00:00+00:00,5200.000000,7391.700000,228.00,below,0.150000,0.190000,0.316600,0.721797,0.764883,0.035087,0.319721,0.346315,-11.491259,16.972052,19.631499,up,26.6667,0_closest,1_atm,1_skew
SPY,1125385,2026-05-17 21:00:00+00:00,2026-05-21 21:00:00+00:00,9300.000000,7391.700000,228.00,above,0.053500,0.060500,0.176175,0.721797,0.693662,0.025478,0.868208,0.837767,-2.802229,81.470763,78.426686,up,13.0841,0_closest,1_atm,1_skew
ETH,701549,2026-05-17 21:00:00+00:00,2026-05-21 21:00:00+00:00,3500.000000,2187.600000,228.33,above,0.325000,0.245000,0.624100,0.721797,0.664223,0.318579,0.446956,0.371531,-0.642054,12.195554,4.653103,down,-24.6154,1_closest,0_atm,0_skew
ETH,701548,2026-05-17 21:00:00+00:00,2026-05-21 21:00:00+00:00,4000.000000,2187.600000,228.33,above,0.215000,0.145000,0.632000,0.721797,0.647865,0.175763,0.275148,0.192495,-3.923682,6.014778,-2.250516,down,-32.5581,1_closest,0_atm,1_skew
ETH,701547,2026-05-17 21:00:00+00:00,2026-05-21 21:00:00+00:00,4500.000000,2187.600000,228.33,above,0.125000,0.105000,0.653050,0.721797,0.633435,0.107486,0.166647,0.092623,-1.751411,4.164749,-3.237677,down,-16.0000,1_closest,0_atm,1_skew
ETH,701552,2026-05-17 21:00:00+00:00,2026-05-21 21:00:00+00:00,1500.000000,2187.600000,228.33,below,0.435000,0.485000,0.698825,0.721797,0.768024,0.282767,0.297686,0.326734,-15.223325,-13.731371,-10.826630,up,11.4943,0_closest,0_atm,0_skew
ETH,701554,2026-05-17 21:00:00+00:00,2026-05-21 21:00:00+00:00,800.000000,2187.600000,228.33,below,0.165000,0.145000,0.788075,0.721797,0.845034,0.032766,0.018387,0.048869,-13.223440,-14.661278,-11.613079,down,-12.1212,1_closest,1_atm,1_skew
ETH,701546,2026-05-17 21:00:00+00:00,2026-05-21 21:00:00+00:00,5000.000000,2187.600000,228.33,above,0.095000,0.075000,0.653050,0.721797,0.620528,0.057686,0.100165,0.041863,-3.731352,0.516452,-5.313747,down,-21.0526,1_closest,0_atm,1_skew
ETH,701543,2026-05-17 21:00:00+00:00,2026-05-21 21:00:00+00:00,6500.000000,2187.600000,228.33,above,0.065000,0.055000,0.653050,0.721797,0.588386,0.008886,0.021791,0.002880,-5.611421,-4.320876,-6.211994,down,-15.3846,1_closest,1_atm,1_skew
ETH,701544,2026-05-17 21:00:00+00:00,2026-05-21 21:00:00+00:00,6000.000000,2187.600000,228.33,above,0.065000,0.065000,0.653050,0.721797,0.598192,0.016518,0.036108,0.007334,-4.848203,-2.889167,-5.766593,down,0.0000,1_closest,1_atm,1_skew
ETH,701542,2026-05-17 21:00:00+00:00,2026-05-21 21:00:00+00:00,7000.000000,2187.600000,228.33,above,0.055000,0.045000,0.653050,0.721797,0.579307,0.004813,0.013228,0.001091,-5.018742,-4.177181,-5.390890,down,-18.1818,1_closest,1_atm,1_skew
ETH,701545,2026-05-17 21:00:00+00:00,2026-05-21 21:00:00+00:00,5500.000000,2187.600000,228.33,above,0.065000,0.075000,0.653050,0.721797,0.608851,0.030848,0.060086,0.017933,-3.415221,-0.491373,-4.706680,up,15.3846,0_closest,0_atm,0_skew
ETH,701541,2026-05-17 21:00:00+00:00,2026-05-21 21:00:00+00:00,7500.000000,2187.600000,228.33,above,0.046000,0.042500,0.653050,0.721797,0.570855,0.002628,0.008086,0.000400,-4.337210,-3.791435,-4.559968,down,-7.6087,1_closest,1_atm,1_skew
ETH,701540,2026-05-17 21:00:00+00:00,2026-05-21 21:00:00+00:00,8000.000000,2187.600000,228.33,above,0.030500,0.034500,0.653050,0.721797,0.562948,0.001448,0.004980,0.000143,-2.905199,-2.552028,-3.035731,up,13.1148,0_closest,0_atm,0_skew
ETH,701539,2026-05-17 21:00:00+00:00,2026-05-21 21:00:00+00:00,10000.000000,2187.600000,228.33,above,0.018500,0.013500,0.653050,0.721797,0.535611,0.000147,0.000776,0.000002,-1.835284,-1.772363,-1.849819,down,-27.0270,1_closest,1_atm,1_skew
ETH,701553,2026-05-17 21:00:00+00:00,2026-05-21 21:00:00+00:00,1000.000000,2187.600000,228.33,below,0.185000,0.175000,0.788075,0.721797,0.817697,0.090884,0.062332,0.104844,-9.411622,-12.266774,-8.015603,down,-5.4054,1_closest,1_atm,1_skew
GOLD,2074209,2026-05-17 20:00:00+00:00,2026-05-21 22:00:00+00:00,4300.000000,4531.000000,14.33,below,0.185000,0.115000,0.242000,0.714693,0.721003,0.114785,0.533507,0.535934,-7.021458,34.850682,35.093427,down,-37.8378,1_closest,0_atm,0_skew
SPY,1125388,2026-05-17 21:00:00+00:00,2026-05-21 22:00:00+00:00,7800.000000,7391.700000,228.00,above,0.525000,0.695000,0.158750,0.714693,0.708209,0.604946,0.990000,0.990000,7.994558,46.500000,46.500000,up,32.3810,1_closest,1_atm,1_skew
SPY,1125387,2026-05-17 21:00:00+00:00,2026-05-21 22:00:00+00:00,8200.000000,7391.700000,228.00,above,0.300000,0.305000,0.146250,0.714693,0.702178,0.234852,0.990000,0.990000,-6.514811,69.000000,69.000000,up,1.6667,0_closest,1_atm,1_skew
GOLD,2001189,2026-05-17 20:00:00+00:00,2026-05-21 23:00:00+00:00,4500.000000,4531.000000,43.90,below,0.820000,0.819000,0.242000,0.697023,0.697878,0.861055,0.832819,0.832694,4.105494,1.281872,1.269356,down,-0.1220,0_closest,0_atm,0_skew
OIL,1652677,2026-05-17 20:00:00+00:00,2026-05-21 23:00:00+00:00,120.000000,101.860000,43.94,above,0.465000,0.335000,0.740000,0.697023,0.676617,0.470780,0.431038,0.411460,0.577984,-3.396182,-5.354048,down,-27.9570,0_closest,1_atm,1_skew
OIL,2235983,2026-05-17 20:00:00+00:00,2026-05-22 00:00:00+00:00,105.000000,101.860000,43.94,above,0.870000,0.665000,0.740000,0.703991,0.700089,0.990000,0.990000,0.990000,12.000000,12.000000,12.000000,down,-23.5632,0_closest,0_atm,0_skew
GOLD,2001188,2026-05-17 20:00:00+00:00,2026-05-22 02:00:00+00:00,4300.000000,4531.000000,43.90,below,0.530000,0.365000,0.242000,0.713475,0.720143,0.346637,0.635467,0.636276,-18.336348,10.546689,10.627596,down,-31.1321,1_closest,0_atm,0_skew
GOLD,2074208,2026-05-17 20:00:00+00:00,2026-05-22 03:00:00+00:00,4400.000000,4531.000000,14.33,below,0.335000,0.310000,0.242000,0.703741,0.707534,0.368606,0.692013,0.692798,3.360643,35.701303,35.779760,down,-7.4627,0_closest,0_atm,0_skew
GOLD,1032260,2026-05-17 20:00:00+00:00,2026-05-22 04:00:00+00:00,5200.000000,4531.000000,43.90,above,0.114000,0.106500,0.242000,0.716522,0.698096,0.023737,0.543124,0.526537,-9.026284,42.912406,41.253676,down,-6.5789,1_closest,0_atm,0_skew
OIL,2233174,2026-05-17 21:00:00+00:00,2026-05-22 11:00:00+00:00,90.000000,102.000000,43.90,below,0.620000,0.685000,0.684000,0.718615,0.735271,0.360741,0.375350,0.381851,-25.925897,-24.465016,-23.814946,up,10.4839,0_closest,0_atm,0_skew
GOLD,2001179,2026-05-17 20:00:00+00:00,2026-05-22 12:00:00+00:00,4400.000000,4531.000000,43.90,below,0.585000,0.585000,0.242000,0.718560,0.722534,0.579764,0.731821,0.731776,-0.523584,14.682065,14.677647,down,0.0000,1_closest,0_atm,0_skew
OIL,1032400,2026-05-17 20:00:00+00:00,2026-05-22 13:00:00+00:00,84.000000,101.860000,43.94,above,0.710000,0.680000,0.740000,0.718622,0.743230,1.000000,1.000000,1.000000,29.000000,29.000000,29.000000,down,-4.2254,0_closest,0_atm,0_skew
ETH,2132788,2026-05-18 15:00:00+00:00,2026-05-22 15:00:00+00:00,5000.000000,2101.400000,13.54,above,0.001500,0.000500,1.018975,0.777870,0.443178,0.000000,0.000000,0.000000,-0.150000,-0.150000,-0.150000,down,-66.6667,1_closest,1_atm,1_skew
OIL,1032399,2026-05-17 20:00:00+00:00,2026-05-22 16:00:00+00:00,80.500000,101.860000,43.94,above,0.175000,0.145000,0.740000,0.796246,0.898849,1.000000,1.000000,1.000000,82.500000,82.500000,82.500000,down,-17.1429,0_closest,0_atm,0_skew
OIL,2213806,2026-05-17 20:00:00+00:00,2026-05-22 18:00:00+00:00,110.000000,101.860000,43.94,above,0.660000,0.505000,0.740000,0.760185,0.732842,0.808833,0.821407,0.804271,14.883302,16.140736,14.427066,down,-23.4848,0_closest,0_atm,0_skew
OIL,1032426,2026-05-17 20:00:00+00:00,2026-05-22 22:00:00+00:00,50.000000,101.860000,43.94,above,0.993000,0.973000,0.740000,0.827220,1.190803,1.000000,1.000000,1.000000,0.700000,0.700000,0.700000,down,-2.0141,0_closest,0_atm,0_skew
GOLD,1032286,2026-05-17 20:00:00+00:00,2026-05-23 01:00:00+00:00,5800.000000,4531.000000,43.90,above,0.058500,0.033000,0.242000,0.840912,0.713379,0.000041,0.321580,0.216252,-5.845893,26.307996,15.775206,down,-43.5897,1_closest,0_atm,0_skew
SPY,1125373,2026-05-17 21:00:00+00:00,2026-05-23 09:00:00+00:00,8000.000000,7391.700000,43.96,above,0.099500,0.095500,0.131200,0.823299,0.783231,0.015343,0.849768,0.826438,-8.415694,75.026792,72.693786,down,-4.0201,1_closest,0_atm,0_skew
OIL,2233175,2026-05-17 20:00:00+00:00,2026-05-23 14:00:00+00:00,85.000000,101.860000,43.94,below,0.415000,0.475000,0.740000,0.829790,0.922177,0.238697,0.274646,0.304871,-17.630293,-14.035435,-11.012921,up,14.4578,0_closest,0_atm,0_skew
SPY,1125394,2026-05-17 21:00:00+00:00,2026-05-23 21:00:00+00:00,5800.000000,7391.700000,228.00,below,0.280000,0.240000,0.276200,0.840501,0.966427,0.084459,0.481443,0.536298,-19.554077,20.144252,25.629796,down,-14.2857,1_closest,0_atm,0_skew
SPY,2236209,2026-05-17 21:00:00+00:00,2026-05-23 22:00:00+00:00,7100.000000,7391.700000,43.96,below,0.705000,0.495000,0.181725,0.827405,0.848487,0.343395,0.688169,0.687988,-36.160456,-1.683053,-1.701176,down,-29.7872,1_closest,1_atm,1_skew
SPY,2236211,2026-05-17 21:00:00+00:00,2026-05-23 22:00:00+00:00,6700.000000,7391.700000,43.96,below,0.345000,0.155000,0.231375,0.827405,0.878850,0.073901,0.492121,0.502069,-27.109864,14.712126,15.706944,down,-55.0725,1_closest,0_atm,0_skew
GOLD,2305703,2026-05-20 02:00:00+00:00,2026-05-24 02:00:00+00:00,4600.000000,4480.000000,12.08,above,0.565000,0.880000,0.223300,0.852515,0.839104,0.372736,0.895524,0.891114,-19.226418,33.052364,32.611358,up,55.7522,0_closest,1_atm,1_skew
GOLD,2305702,2026-05-20 02:00:00+00:00,2026-05-24 03:00:00+00:00,4650.000000,4480.000000,12.08,above,0.345000,0.555000,0.226375,0.856134,0.837188,0.211423,0.819659,0.811825,-13.357665,47.465928,46.682460,up,60.8696,0_closest,1_atm,1_skew
GOLD,2305672,2026-05-20 02:00:00+00:00,2026-05-24 08:00:00+00:00,4750.000000,4480.000000,12.08,above,0.185000,0.155000,0.235050,0.845292,0.815759,0.056786,0.667657,0.650803,-12.821356,48.265749,46.580328,down,-16.2162,1_closest,0_atm,0_skew
SPY,1125374,2026-05-17 21:00:00+00:00,2026-05-25 08:00:00+00:00,7700.000000,7391.700000,43.96,above,0.312500,0.499500,0.131725,0.844949,0.824342,0.218015,0.990000,0.990000,-9.448548,67.750000,67.750000,up,59.8400,0_closest,1_atm,1_skew
SPY,1125389,2026-05-17 21:00:00+00:00,2026-05-25 10:00:00+00:00,7600.000000,7391.700000,228.00,above,0.715000,0.885000,0.166700,0.847165,0.832959,0.837464,0.990000,0.990000,12.246404,27.500000,27.500000,up,23.7762,1_closest,1_atm,1_skew
SPY,2236212,2026-05-17 21:00:00+00:00,2026-05-25 19:00:00+00:00,6500.000000,7391.700000,43.96,below,0.220000,0.065000,0.253325,0.823369,0.886658,0.033157,0.401856,0.418845,-18.684326,18.185572,19.884523,down,-70.4545,1_closest,0_atm,0_skew
