thr,s_ema,s_in,s_out,l_ema,l_in,l_out,avg_ret,avg_trades,neg_coins,total_coins,total_liqs,avg_sharpe,avg_mdd
8,6,0.3,0.75,5,0.5,0.5,22774.4338,329.0769,10,13,0,1.1679,95.1784
8,6,0.3,0.75,8,0.5,0.5,19532.9015,329.2308,10,13,0,1.1895,95.1556
10,6,0.3,0.75,5,0.5,0.5,19117.9137,325.3846,9,13,0,1.241,94.1459
10,6,0.3,0.75,5,0.5,1.0,18147.7985,312.7692,10,13,0,1.0932,93.9168
12,6,0.3,0.75,5,0.5,1.0,16373.7943,313.1538,8,13,0,1.3039,93.7036
12,6,0.3,0.75,8,1.0,0.5,16362.8313,313.9231,7,13,0,1.4495,92.9696
12,8,0.3,0.75,5,0.5,1.0,16096.7401,305.8462,10,13,0,1.3333,91.7578
10,6,0.3,0.75,8,0.5,0.5,16079.9732,325.2308,8,13,0,1.2585,94.1746
12,8,0.3,0.75,8,1.0,0.5,16076.1676,307.0769,8,13,0,1.4588,90.7865
12,6,0.3,0.75,3,1.0,0.5,16070.3921,310.2308,7,13,0,1.4484,92.7003
12,6,0.3,0.75,5,0.5,0.5,15793.9292,317.0,7,13,0,1.4299,93.0581
12,8,0.3,0.75,3,1.0,0.5,15793.5191,303.1538,7,13,0,1.4625,90.0634
12,6,0.3,0.75,3,1.0,1.0,15566.9852,309.2308,8,13,0,1.3704,93.241
12,8,0.3,0.75,5,0.5,0.5,15502.7843,310.1538,8,13,0,1.4359,90.7732
8,6,0.3,0.75,5,0.5,1.0,15451.0047,313.1538,10,13,0,1.0588,95.1717
12,8,0.3,0.75,3,1.0,1.0,15304.4058,302.0769,10,13,0,1.3896,90.7035
8,6,0.3,0.75,3,0.5,0.5,15124.9005,322.1538,10,13,0,1.1767,94.6572
10,8,0.3,1.0,5,0.5,1.0,15105.0528,246.0,8,13,0,1.3412,92.6856
12,8,0.3,0.75,8,0.5,0.5,15087.4753,309.9231,8,13,0,1.4492,90.6698
12,6,0.3,0.75,3,0.5,0.5,14545.8808,315.7692,7,13,0,1.3586,93.4776
8,8,0.3,0.75,5,0.5,0.5,14521.3527,322.5385,10,13,0,1.185,92.6195
12,6,0.3,0.75,8,1.0,1.0,14504.9376,312.2308,7,13,0,1.383,93.2238
12,6,0.3,0.75,8,0.5,0.5,14478.3392,316.8462,7,13,0,1.4386,93.2258
12,8,0.3,0.75,3,0.5,0.5,14278.9207,308.8462,9,13,0,1.3719,91.4548
12,8,0.3,0.75,8,1.0,1.0,14267.4681,305.0,10,13,0,1.4122,90.9553
10,4,0.3,0.75,5,0.5,1.0,14252.8868,288.6154,8,13,0,1.31,95.0413
12,8,0.3,0.75,8,0.5,1.0,14164.6567,306.6154,10,13,0,1.3991,90.9134
10,6,0.3,0.75,8,1.0,1.0,14050.8269,310.8462,9,13,0,1.2612,94.1577
8,8,0.3,1.0,5,0.5,1.0,14030.8588,247.6923,9,13,0,1.3187,93.7931
8,8,0.3,1.0,5,0.5,0.5,13885.1875,262.0769,7,13,0,1.4218,93.6543
12,6,0.3,0.75,5,1.0,0.5,13445.7834,313.0769,7,13,0,1.433,92.8443
10,6,0.3,0.75,5,1.0,1.0,13219.7957,307.8462,7,13,0,1.2252,94.2725
12,8,0.3,0.75,5,1.0,0.5,13206.0709,306.2308,9,13,0,1.4427,90.2797
10,6,0.3,0.75,5,1.0,0.5,12877.1945,313.2308,7,13,0,1.368,93.6027
10,6,0.3,0.75,8,0.5,1.0,12875.6936,315.7692,10,13,0,1.1589,94.3401
10,8,0.3,0.75,5,0.5,0.5,12759.735,318.9231,9,13,0,1.244,91.9223
10,8,0.5,1.0,5,0.5,1.0,12574.8681,229.2308,8,13,0,1.3588,90.2597
8,8,0.5,1.0,5,0.5,1.0,12364.5887,231.6923,8,13,0,1.3258,92.2671
8,8,0.3,0.75,8,0.5,0.5,12275.4617,322.6154,10,13,0,1.2067,92.9272
12,6,0.3,0.75,5,1.0,1.0,12236.7252,311.1538,9,13,0,1.3164,93.461
12,8,0.3,0.75,5,1.0,1.0,12025.6083,303.9231,10,13,0,1.348,91.0433
10,6,0.3,0.75,8,1.0,0.5,11871.4757,315.9231,8,13,0,1.3493,94.013
10,8,0.3,0.75,5,0.5,1.0,11820.4002,305.9231,11,13,0,1.0923,92.6797
12,8,0.5,0.75,5,0.5,1.0,11433.5999,275.2308,8,13,0,1.3844,89.7651
8,8,0.3,1.0,8,0.5,0.5,11346.1962,261.7692,7,13,0,1.4529,93.756
8,4,0.3,0.75,5,0.5,0.5,11293.3266,303.9231,9,13,0,1.3202,95.8236
8,8,0.5,1.0,5,0.5,0.5,11100.6516,245.9231,7,13,0,1.4118,92.2195
12,8,0.5,0.75,8,1.0,0.5,10931.2644,276.3846,8,13,0,1.5071,89.0329
10,6,0.3,0.75,3,0.5,0.5,10689.6258,319.3846,7,13,0,1.2873,94.1004
10,6,0.3,0.75,3,1.0,0.5,10595.8322,305.3846,6,13,0,1.4196,94.014
12,8,0.5,0.75,5,0.5,0.5,10512.9536,279.5385,8,13,0,1.4761,89.3002
10,4,0.3,0.75,5,0.5,0.5,10348.7597,300.1538,8,13,0,1.4432,94.3645
8,8,0.3,1.0,3,0.5,0.5,10344.616,255.7692,7,13,0,1.442,93.3007
10,4,0.3,0.75,8,0.5,1.0,10341.3395,291.3846,9,13,0,1.357,94.8027
10,8,0.3,0.75,8,0.5,0.5,10278.1178,318.6154,9,13,0,1.2682,91.8044
12,8,0.5,0.75,3,1.0,0.5,10101.1629,272.5385,8,13,0,1.5044,88.2016
10,6,0.3,0.75,3,1.0,1.0,10058.832,300.9231,8,13,0,1.1863,95.6067
8,4,0.3,0.75,8,0.5,0.5,9804.2417,303.4615,9,13,0,1.352,95.714
12,8,0.5,0.75,3,1.0,1.0,9764.56,271.5385,9,13,0,1.4287,88.312
12,8,0.3,0.75,3,0.5,1.0,9763.1229,302.5385,11,13,0,1.07,94.2341
8,6,0.5,1.0,5,0.5,0.5,9724.6434,244.6923,8,13,0,1.3043,93.4966
8,6,0.5,0.75,5,0.5,0.5,9690.5443,299.2308,9,13,0,1.1484,92.8709
12,8,0.5,0.75,8,1.0,1.0,9684.2774,274.3846,8,13,0,1.4643,88.9052
12,8,0.5,0.75,3,0.5,0.5,9668.6944,278.2308,8,13,0,1.4149,89.7164
12,8,0.5,0.75,8,0.5,0.5,9649.1602,279.3077,8,13,0,1.495,89.0488
10,4,0.5,0.75,5,0.5,0.5,9461.7628,269.6923,8,13,0,1.2975,93.2978
8,6,0.3,0.75,8,1.0,0.5,9334.7975,318.0,9,13,0,1.2224,95.1397
12,6,0.3,0.75,8,0.5,1.0,9294.602,314.0,7,13,0,1.3642,93.6062
10,4,0.5,0.75,5,0.5,1.0,8995.2875,258.1538,9,13,0,1.1754,93.7011
12,8,0.5,0.75,5,1.0,0.5,8972.558,275.7692,8,13,0,1.483,89.033
8,8,0.5,0.75,5,0.5,0.5,8930.7257,295.9231,9,13,0,1.1822,90.655
8,8,0.3,0.75,5,0.5,1.0,8909.6284,306.3846,11,13,0,1.048,93.7785
10,4,0.3,0.75,8,0.5,0.5,8818.8042,299.6923,7,13,0,1.4569,94.5001
10,8,0.3,0.75,8,1.0,1.0,8806.0355,304.0769,10,13,0,1.2722,91.2162
8,8,0.5,1.0,3,0.5,0.5,8781.1999,239.6154,7,13,0,1.4365,91.4559
12,6,0.5,0.75,5,0.5,1.0,8504.2601,280.6154,9,13,0,1.2905,90.5824
10,8,0.3,0.75,5,1.0,1.0,8489.1844,301.0769,9,13,0,1.2353,91.6725
10,8,0.3,0.75,5,1.0,0.5,8330.1094,306.6923,8,13,0,1.3801,90.731
8,4,0.3,0.75,5,0.5,1.0,8212.1926,289.4615,10,13,0,1.2243,96.0201
12,8,0.5,0.75,5,1.0,1.0,8158.3536,273.3077,8,13,0,1.3903,89.8949
8,8,0.3,0.75,3,0.5,0.5,8158.2898,315.3077,10,13,0,1.2036,91.9315
12,6,0.5,0.75,8,1.0,0.5,8120.5465,281.3077,8,13,0,1.4301,89.1018
8,4,0.5,0.75,5,0.5,0.5,8119.8997,274.4615,8,13,0,1.1741,94.7793
10,8,0.3,1.0,8,1.0,1.0,8040.5794,243.5385,8,13,0,1.5226,92.3686
10,8,0.3,1.0,5,0.5,0.5,7973.6572,257.5385,7,13,0,1.4913,92.6004
8,4,0.3,0.75,3,0.5,0.5,7963.5186,297.7692,8,13,0,1.3568,95.4565
8,6,0.3,1.0,5,0.5,0.5,7951.0584,260.4615,8,13,0,1.3397,95.1896
8,6,0.3,0.75,8,0.5,1.0,7929.4413,318.0,11,13,0,1.0573,95.3431
8,6,0.5,0.75,8,0.5,0.5,7925.0304,299.0769,9,13,0,1.1902,93.1237
8,8,0.5,1.0,8,0.5,0.5,7868.948,245.7692,8,13,0,1.4385,92.5523
12,6,0.3,0.75,3,0.5,1.0,7867.8593,310.0769,11,13,0,1.0438,95.1506
12,6,0.5,0.75,5,0.5,0.5,7835.0453,284.4615,8,13,0,1.404,89.6217
10,8,0.3,0.75,8,1.0,0.5,7710.042,309.3077,9,13,0,1.3596,91.3468
8,6,0.5,1.0,8,0.5,0.5,7632.6588,244.1538,8,13,0,1.3396,93.7618
10,4,0.5,0.75,8,0.5,0.5,7628.3566,269.2308,8,13,0,1.3165,93.3512
10,8,0.3,0.75,8,0.5,1.0,7592.1354,309.1538,10,13,0,1.1551,91.6644
10,6,0.5,0.75,5,0.5,1.0,7573.3165,282.7692,11,13,0,1.0236,92.8339
10,4,0.3,0.75,8,1.0,1.0,7539.9208,286.8462,8,13,0,1.4495,94.2112
12,6,0.5,0.75,3,1.0,0.5,7501.1066,277.5385,8,13,0,1.431,88.8996
8,6,0.5,1.0,3,0.5,0.5,7460.4585,238.6154,7,13,0,1.335,92.8901
10,4,0.5,0.75,8,1.0,1.0,7414.6352,256.0769,8,13,0,1.3106,92.4983
10,6,0.5,0.75,5,0.5,0.5,7385.8786,294.9231,8,13,0,1.1752,92.307
8,6,0.5,0.75,3,0.5,0.5,7313.3119,291.9231,9,13,0,1.1827,92.112
10,8,0.5,0.75,5,0.5,0.5,7262.0837,291.2308,9,13,0,1.2257,89.9501
10,8,0.3,1.0,8,0.5,1.0,7253.3728,248.3077,7,13,0,1.4324,92.6373
12,6,0.5,0.75,3,1.0,1.0,7234.2617,276.6154,8,13,0,1.3502,90.1098
12,6,0.5,0.75,3,0.5,0.5,7205.6037,283.2308,8,13,0,1.3327,90.3759
12,6,0.5,0.75,8,1.0,1.0,7187.3098,279.6154,8,13,0,1.3769,89.5795
12,6,0.5,0.75,8,0.5,0.5,7183.5807,284.1538,8,13,0,1.4217,89.3891
10,4,0.5,0.75,8,0.5,1.0,7115.5267,261.0,7,13,0,1.2165,93.1663
8,6,0.5,0.75,5,0.5,1.0,7097.7023,283.9231,10,13,0,1.0457,93.6686
8,6,0.3,0.75,8,1.0,1.0,7077.8639,311.7692,11,13,0,1.0951,95.7121
8,6,0.3,0.75,5,1.0,0.5,7075.4529,313.6154,9,13,0,1.2429,94.2836
10,6,0.5,1.0,5,0.5,1.0,6984.8534,228.6923,9,13,0,1.1964,93.5116
10,8,0.3,0.75,3,0.5,0.5,6979.7124,312.8462,9,13,0,1.2988,91.851
10,6,0.5,0.75,8,0.5,1.0,6895.2224,285.4615,9,13,0,1.1069,92.2718
10,8,0.3,0.75,3,1.0,0.5,6860.4844,298.4615,8,13,0,1.4403,90.8131
10,8,0.5,0.75,5,0.5,1.0,6796.2958,278.5385,10,13,0,1.0773,91.7379
12,8,0.5,0.75,8,0.5,1.0,6677.5561,276.0769,8,13,0,1.442,88.6331
12,6,0.5,0.75,5,1.0,0.5,6676.8468,280.6154,8,13,0,1.4094,88.9433
10,4,0.3,0.75,5,1.0,1.0,6649.293,283.7692,8,13,0,1.4468,94.5775
8,8,0.5,0.75,8,0.5,0.5,6514.2296,296.0,9,13,0,1.209,90.7511
10,4,0.3,0.75,5,1.0,0.5,6500.0577,289.0769,5,13,0,1.556,93.7155
8,6,0.3,1.0,8,0.5,0.5,6491.995,259.9231,8,13,0,1.3722,95.2971
10,8,0.3,0.75,3,1.0,1.0,6457.9061,293.6154,10,13,0,1.211,93.4938
8,6,0.3,0.75,5,1.0,1.0,6423.6277,306.6923,10,13,0,1.1235,94.9592
10,8,0.3,1.0,8,0.5,0.5,6422.5463,257.0769,7,13,0,1.5149,92.5446
8,4,0.5,0.75,8,0.5,0.5,6366.6488,274.0769,9,13,0,1.2127,94.6589
8,8,0.5,1.0,8,0.5,1.0,6322.9692,235.9231,8,13,0,1.3147,92.6115
10,8,0.5,1.0,8,1.0,1.0,6318.7421,226.7692,9,13,0,1.5039,90.6921
8,4,0.5,0.75,3,0.5,0.5,6310.3448,267.7692,8,13,0,1.2287,94.5275
8,8,0.3,0.75,8,1.0,0.5,6290.15,310.9231,10,13,0,1.2549,92.5933
8,4,0.3,0.75,8,0.5,1.0,6236.8129,293.6923,10,13,0,1.2171,95.8519
10,6,0.5,0.75,8,0.5,0.5,6224.7404,294.4615,8,13,0,1.2116,92.3101
8,6,0.3,0.75,3,1.0,0.5,6186.1185,304.0769,7,13,0,1.2678,94.4555
10,6,0.5,1.0,8,1.0,1.0,6071.9837,226.1538,8,13,0,1.3791,92.8967
12,6,0.5,0.75,5,1.0,1.0,6058.0248,278.6154,9,13,0,1.2995,90.1072
10,8,0.5,1.0,8,0.5,1.0,6032.6332,231.8462,9,13,0,1.4181,90.9948
10,6,0.5,0.75,8,1.0,1.0,6019.1733,280.0,9,13,0,1.2131,91.9382
10,8,0.5,1.0,5,0.5,0.5,6016.5673,240.9231,7,13,0,1.4716,91.1948
12,8,0.5,0.75,3,0.5,1.0,5928.2627,272.3077,11,13,0,1.1121,93.1143
10,4,0.3,0.75,8,1.0,0.5,5926.4874,291.4615,6,13,0,1.5319,94.0314
8,8,0.3,1.0,8,1.0,0.5,5893.3991,251.7692,7,13,0,1.4773,93.3699
10,4,0.5,0.75,5,1.0,1.0,5866.5524,252.7692,8,13,0,1.3114,93.2956
10,8,0.5,0.75,8,0.5,0.5,5865.868,290.9231,9,13,0,1.2502,89.8925
10,6,0.5,1.0,8,0.5,1.0,5855.4596,230.8462,7,13,0,1.3021,93.4114
10,8,0.3,1.0,5,1.0,1.0,5850.3133,240.6154,7,13,0,1.49,92.4605
8,6,0.3,1.0,3,0.5,0.5,5809.7227,254.7692,8,13,0,1.345,95.1371
10,8,0.3,1.0,5,1.0,0.5,5773.916,245.8462,7,13,0,1.6154,91.6063
10,4,0.5,0.75,3,0.5,0.5,5765.565,263.6923,8,13,0,1.3551,93.3999
10,4,0.5,0.75,5,1.0,0.5,5751.4146,257.7692,8,13,0,1.4185,92.009
8,6,0.5,1.0,8,0.5,1.0,5697.7505,235.0769,7,13,0,1.2006,93.9602
10,6,0.5,1.0,5,0.5,0.5,5619.2398,239.2308,7,13,0,1.371,92.9998
10,8,0.5,0.75,8,0.5,1.0,5585.8085,281.6923,10,13,0,1.1399,90.3779
10,6,0.3,1.0,5,0.5,1.0,5582.963,244.6923,9,13,0,1.2444,95.062
10,4,0.3,0.75,3,0.5,0.5,5568.6535,294.6923,6,13,0,1.4878,94.1848
8,6,0.5,0.75,8,0.5,1.0,5566.4541,288.3846,10,13,0,1.0592,93.0
10,4,0.5,0.75,8,1.0,0.5,5566.1192,260.4615,8,13,0,1.3929,92.8158
8,8,0.5,0.75,3,0.5,0.5,5543.0834,288.6154,9,13,0,1.2091,90.38
8,8,0.5,0.75,5,0.5,1.0,5497.3583,280.1538,11,13,0,1.0624,93.1444
10,4,0.3,0.75,3,1.0,0.5,5430.6435,281.6923,5,13,0,1.5984,93.9648
10,8,0.5,0.75,8,1.0,1.0,5398.8318,276.2308,10,13,0,1.2604,89.664
8,8,0.3,1.0,8,0.5,1.0,5309.1433,251.5385,9,13,0,1.339,94.1352
8,8,0.3,1.0,3,0.5,1.0,5231.9186,234.0769,11,13,0,0.9327,95.9103
10,6,0.5,0.75,5,1.0,1.0,5148.0419,277.0,7,13,0,1.1725,92.5576
10,6,0.3,1.0,8,1.0,1.0,5137.0411,242.4615,9,13,0,1.4179,94.6862
10,8,0.3,1.0,3,0.5,0.5,5136.2992,251.6154,7,13,0,1.5468,92.4029
10,4,0.3,0.75,3,1.0,1.0,5071.962,277.6154,8,13,0,1.3869,95.4856
10,6,0.5,0.75,5,1.0,0.5,5039.3668,282.2308,7,13,0,1.3158,90.7956
12,6,0.5,0.75,8,0.5,1.0,4922.0899,281.3846,8,13,0,1.3539,89.712
8,6,0.5,1.0,5,0.5,1.0,4910.0148,231.3077,9,13,0,1.1712,94.6798
10,8,0.3,1.0,3,1.0,0.5,4894.4735,238.0769,6,13,0,1.6682,91.2387
10,8,0.5,0.75,5,1.0,1.0,4871.4533,273.3077,10,13,0,1.2164,91.3294
10,8,0.5,1.0,8,0.5,0.5,4871.0276,240.5385,8,13,0,1.4955,91.3014
10,6,0.3,1.0,5,0.5,0.5,4870.4246,255.2308,8,13,0,1.4244,95.0217
10,8,0.3,1.0,8,1.0,0.5,4861.5604,248.4615,7,13,0,1.5962,92.0776
10,6,0.5,0.75,3,0.5,0.5,4857.4315,288.4615,7,13,0,1.2446,92.0423
10,8,0.5,0.75,5,1.0,0.5,4840.7754,278.8462,9,13,0,1.3593,88.6068
12,8,0.3,1.0,3,1.0,0.5,4825.0756,240.9231,7,13,0,1.6555,90.5062
10,4,0.5,0.75,3,1.0,0.5,4808.9941,250.2308,7,13,0,1.4672,92.1159
8,8,0.3,1.0,8,1.0,1.0,4711.7356,245.8462,8,13,0,1.3652,94.531
8,8,0.3,1.0,5,1.0,0.5,4693.6454,247.6154,7,13,0,1.5013,92.4049
10,6,0.5,0.75,8,1.0,0.5,4652.0815,284.9231,8,13,0,1.2927,91.8601
8,6,0.3,0.75,3,0.5,1.0,4641.7861,296.3846,12,13,0,0.622,96.6698
8,8,0.3,0.75,8,1.0,1.0,4617.9962,304.6154,10,13,0,1.127,93.0799
8,4,0.5,0.75,8,0.5,1.0,4593.2094,264.3846,9,13,0,1.0606,94.9366
12,8,0.3,1.0,8,1.0,0.5,4591.1452,244.6923,7,13,0,1.654,91.2982
10,6,0.5,1.0,8,0.5,0.5,4575.202,238.6154,8,13,0,1.3967,93.2333
10,8,0.5,0.75,3,0.5,0.5,4574.8196,285.0,9,13,0,1.2858,89.7183
12,8,0.3,1.0,3,1.0,1.0,4573.1715,239.9231,7,13,0,1.5876,90.67
10,6,0.3,0.75,3,0.5,1.0,4547.5542,302.7692,12,13,0,0.7026,96.258
10,6,0.3,1.0,8,0.5,1.0,4544.4174,246.7692,8,13,0,1.3473,94.6312
10,8,0.3,1.0,3,1.0,1.0,4515.0368,234.0,7,13,0,1.4444,93.4192
10,8,0.5,0.75,8,1.0,0.5,4509.669,281.3846,9,13,0,1.3415,88.7708
12,4,0.3,0.75,3,1.0,0.5,4501.0831,285.2308,6,13,0,1.6443,94.1255
8,8,0.3,0.75,5,1.0,0.5,4457.7381,306.7692,9,13,0,1.2712,91.6301
12,6,0.5,0.75,3,0.5,1.0,4385.268,278.0,10,13,0,1.0183,93.8612
12,8,0.3,1.0,5,0.5,1.0,4369.9874,244.0769,7,13,0,1.5229,91.9259
8,8,0.3,0.75,8,0.5,1.0,4347.4945,311.3077,10,13,0,1.0756,93.0038
8,4,0.3,0.75,8,1.0,0.5,4345.0976,293.5385,9,13,0,1.393,95.6231
12,8,0.3,1.0,5,0.5,0.5,4307.6363,247.5385,7,13,0,1.6294,91.2075
12,4,0.3,0.75,3,1.0,1.0,4287.9915,284.3077,6,13,0,1.5737,94.4745
10,8,0.5,1.0,3,0.5,0.5,4279.1659,234.9231,7,13,0,1.5317,90.7805
12,4,0.3,0.75,8,1.0,0.5,4234.3541,288.4615,6,13,0,1.6512,94.3026
8,8,0.3,1.0,5,1.0,1.0,4229.7232,240.8462,9,13,0,1.4028,93.4089
8,8,0.3,1.0,3,1.0,0.5,4183.07,238.2308,7,13,0,1.5364,92.0968
10,6,0.5,0.75,3,1.0,0.5,4177.4001,274.0769,6,13,0,1.3792,90.9706
12,8,0.3,1.0,8,0.5,0.5,4173.6376,247.2308,7,13,0,1.6433,91.1885
12,4,0.3,0.75,5,0.5,1.0,4119.5842,288.0,6,13,0,1.5118,95.1187
8,8,0.5,0.75,8,0.5,1.0,4118.307,285.0,10,13,0,1.0881,91.4755
12,8,0.3,1.0,3,0.5,0.5,4067.6192,246.6154,7,13,0,1.5584,91.8482
10,8,0.5,1.0,5,1.0,1.0,4065.4056,223.9231,9,13,0,1.4647,91.2864
8,4,0.5,0.75,5,0.5,1.0,4056.0589,260.2308,9,13,0,1.0755,95.7289
8,8,0.5,1.0,8,1.0,0.5,4053.087,235.3846,7,13,0,1.4601,91.9445
8,6,0.5,1.0,8,1.0,0.5,4051.4689,234.6923,8,13,0,1.3554,93.7752
10,8,0.5,1.0,5,1.0,0.5,4044.6038,229.1538,7,13,0,1.5849,89.8091
12,8,0.3,1.0,5,1.0,0.5,4042.6235,243.8462,7,13,0,1.6396,90.751
12,8,0.3,1.0,8,1.0,1.0,4030.6698,243.0769,7,13,0,1.6078,91.4142
10,8,0.5,0.75,3,1.0,0.5,4007.1417,270.5385,7,13,0,1.4241,88.17
8,8,0.3,0.75,5,1.0,1.0,4002.7213,299.6923,9,13,0,1.1508,92.8452
12,4,0.3,0.75,5,0.5,0.5,3956.9315,291.3846,5,13,0,1.6258,94.5758
10,6,0.5,0.75,3,1.0,1.0,3925.3318,269.5385,7,13,0,1.1652,93.0272
10,6,0.3,1.0,8,0.5,0.5,3918.3292,254.8462,9,13,0,1.4381,94.8363
12,8,0.5,1.0,5,0.5,1.0,3890.2344,225.1538,8,13,0,1.5552,89.2714
8,6,0.5,0.75,8,1.0,0.5,3887.1924,287.4615,9,13,0,1.2245,92.9265
8,8,0.3,0.75,3,1.0,0.5,3881.1867,297.0,8,13,0,1.3004,91.5815
10,4,0.5,0.75,3,1.0,1.0,3873.7535,246.0769,8,13,0,1.2804,94.1725
12,8,0.3,1.0,8,0.5,1.0,3862.8052,244.4615,7,13,0,1.5961,91.3402
12,4,0.3,0.75,8,0.5,0.5,3849.6836,291.1538,5,13,0,1.639,94.2783
12,8,0.5,1.0,8,1.0,0.5,3803.9592,225.6923,7,13,0,1.6819,88.5558
8,8,0.5,1.0,8,1.0,1.0,3788.2493,229.5385,8,13,0,1.353,92.6908
10,8,0.3,0.75,3,0.5,1.0,3756.8796,294.8462,11,13,0,0.7322,95.3677
12,4,0.3,0.75,3,0.5,0.5,3745.6655,290.1538,7,13,0,1.5639,94.8295
8,6,0.3,0.75,3,1.0,1.0,3711.0588,294.2308,9,13,0,1.0946,95.1005
10,8,0.5,0.75,3,1.0,1.0,3709.319,265.5385,10,13,0,1.209,91.7213
12,4,0.3,0.75,8,1.0,1.0,3709.2636,287.1538,7,13,0,1.5861,94.6037
12,4,0.3,0.75,5,1.0,0.5,3707.4132,287.7692,6,13,0,1.6341,94.4345
12,4,0.5,0.75,8,1.0,0.5,3697.616,256.4615,8,13,0,1.4973,92.7718
12,8,0.5,1.0,5,0.5,0.5,3675.9014,228.6154,7,13,0,1.6545,88.6055
12,4,0.3,0.75,8,0.5,1.0,3641.9953,288.8462,5,13,0,1.5704,94.6579
8,4,0.3,0.75,5,1.0,0.5,3636.0289,289.8462,7,13,0,1.413,95.1437
10,6,0.5,1.0,5,1.0,1.0,3623.7735,223.0,7,13,0,1.3625,92.3742
12,8,0.3,1.0,5,1.0,1.0,3619.6901,242.1538,7,13,0,1.545,91.5346
10,6,0.5,1.0,3,0.5,0.5,3606.8516,233.6154,7,13,0,1.416,92.6042
10,8,0.5,1.0,8,1.0,0.5,3605.5647,231.6923,7,13,0,1.5696,90.677
10,6,0.5,1.0,5,1.0,0.5,3592.2761,227.8462,6,13,0,1.4784,91.9015
12,4,0.5,0.75,5,0.5,0.5,3579.6876,259.3846,8,13,0,1.4821,93.2245
8,4,0.3,0.75,8,1.0,1.0,3579.1213,287.9231,10,13,0,1.277,95.5393
12,8,0.5,1.0,3,1.0,0.5,3569.9836,222.0,7,13,0,1.676,87.7439
8,6,0.5,1.0,8,1.0,1.0,3561.3626,229.3077,9,13,0,1.2369,94.3025
8,6,0.3,1.0,5,0.5,1.0,3558.819,246.8462,10,13,0,1.211,96.3352
10,6,0.5,1.0,8,1.0,0.5,3492.4564,230.6154,7,13,0,1.4524,92.601
10,8,0.3,1.0,3,0.5,1.0,3483.5307,237.2308,10,13,0,1.0216,94.5807
8,6,0.3,1.0,8,1.0,0.5,3471.9307,250.8462,9,13,0,1.3833,95.7737
10,8,0.5,1.0,3,1.0,0.5,3464.8055,221.2308,7,13,0,1.643,89.8102
8,8,0.5,0.75,8,1.0,0.5,3457.556,284.0,10,13,0,1.254,90.3474
12,4,0.5,0.75,3,1.0,0.5,3446.7016,252.8462,8,13,0,1.4998,92.5599
12,8,0.5,1.0,8,0.5,0.5,3397.2074,228.3846,7,13,0,1.6692,88.3957
8,4,0.3,0.75,3,0.5,1.0,3393.6595,274.9231,11,13,0,0.8976,96.6663
10,6,0.3,1.0,5,1.0,1.0,3392.981,239.4615,7,13,0,1.4054,95.3813
8,8,0.5,1.0,5,1.0,0.5,3367.1749,231.3846,7,13,0,1.4835,90.4819
10,6,0.3,1.0,5,1.0,0.5,3361.3099,244.4615,7,13,0,1.5206,94.8527
8,6,0.5,0.75,8,1.0,1.0,3343.2218,281.4615,9,13,0,1.1004,93.4229
12,8,0.5,1.0,3,0.5,0.5,3340.9984,227.6923,7,13,0,1.5828,89.5762
12,8,0.5,1.0,3,1.0,1.0,3320.0773,221.0769,8,13,0,1.6067,88.8397
12,4,0.3,0.75,5,1.0,1.0,3313.4258,286.1538,6,13,0,1.5317,94.8871
12,8,0.5,1.0,8,1.0,1.0,3305.666,224.1538,7,13,0,1.6352,88.4336
12,4,0.5,0.75,8,0.5,0.5,3302.0266,259.0769,8,13,0,1.4953,92.8476
10,4,0.3,0.75,3,0.5,1.0,3294.7632,279.9231,10,13,0,1.0158,96.0938
8,4,0.3,0.75,5,1.0,1.0,3286.0468,282.9231,9,13,0,1.3351,95.6281
12,4,0.5,0.75,3,0.5,0.5,3262.8963,258.3846,8,13,0,1.4063,93.8489
8,8,0.5,1.0,3,0.5,1.0,3253.0381,218.4615,11,13,0,0.9456,95.7555
12,4,0.5,0.75,3,1.0,1.0,3217.3486,252.0769,8,13,0,1.4268,93.5424
12,4,0.5,0.75,8,1.0,1.0,3211.8996,255.6154,8,13,0,1.4275,93.2587
8,4,0.3,0.75,3,1.0,0.5,3204.3793,280.6923,7,13,0,1.4504,95.0817
12,8,0.5,1.0,5,1.0,0.5,3182.0585,225.0769,7,13,0,1.6596,88.5216
10,8,0.5,1.0,3,1.0,1.0,3163.3216,216.8462,9,13,0,1.4416,92.1994
8,4,0.5,0.75,8,1.0,0.5,3119.3931,263.3846,9,13,0,1.2642,94.8457
10,6,0.5,1.0,3,1.0,0.5,3104.2925,220.0769,5,13,0,1.5356,92.3447
12,4,0.5,0.75,5,0.5,1.0,3091.4382,256.5385,7,13,0,1.3569,94.0592
12,4,0.5,0.75,5,1.0,0.5,3071.2172,255.8462,8,13,0,1.4801,93.0206
10,6,0.3,1.0,8,1.0,0.5,3063.0649,246.9231,8,13,0,1.5015,95.0789
12,8,0.3,1.0,3,0.5,1.0,3053.4204,241.6923,9,13,0,1.2783,94.0095
8,6,0.3,1.0,8,0.5,1.0,3045.4015,250.3077,9,13,0,1.2481,96.0214
8,8,0.5,1.0,3,1.0,0.5,3020.371,221.9231,7,13,0,1.5181,90.5911
8,8,0.5,1.0,5,1.0,1.0,3009.8623,224.6154,9,13,0,1.3868,92.5516
8,6,0.5,1.0,5,1.0,0.5,2994.9257,230.4615,7,13,0,1.3876,92.6805
8,8,0.5,0.75,8,1.0,1.0,2954.8791,277.7692,10,13,0,1.1298,91.8813
8,6,0.5,0.75,5,1.0,0.5,2953.0596,283.2308,7,13,0,1.245,90.9673
10,6,0.3,1.0,3,0.5,0.5,2886.6371,250.1538,9,13,0,1.4459,94.9691
8,4,0.5,0.75,3,0.5,1.0,2860.0662,245.6154,11,13,0,0.7831,97.2217
10,6,0.3,1.0,3,1.0,0.5,2849.273,237.0769,6,13,0,1.5641,94.7406
10,4,0.5,0.75,3,0.5,1.0,2845.1087,249.2308,11,13,0,0.8962,96.2485
10,6,0.5,1.0,3,1.0,1.0,2844.9394,216.1538,7,13,0,1.3489,93.5257
8,6,0.3,1.0,8,1.0,1.0,2829.7287,245.2308,9,13,0,1.2662,95.9489
12,4,0.5,1.5,3,1.0,0.5,2813.4631,93.8462,7,13,1,1.3623,94.0042
12,8,0.5,1.0,5,1.0,1.0,2807.2506,223.3077,8,13,0,1.5633,89.2013
8,6,0.3,1.0,3,0.5,1.0,2772.9722,234.0769,12,13,0,0.8483,97.6904
8,4,0.5,0.75,8,1.0,1.0,2756.3426,257.9231,9,13,0,1.145,94.9812
8,8,0.3,0.75,3,0.5,1.0,2735.318,288.7692,12,13,0,0.6616,96.2198
8,8,0.5,0.75,5,1.0,0.5,2733.4083,280.0,9,13,0,1.266,89.6451
8,6,0.3,1.0,5,1.0,0.5,2722.1852,246.6923,7,13,0,1.4124,95.2917
10,4,0.5,1.5,3,1.0,0.5,2716.4786,95.7692,7,13,1,1.3464,94.0795
12,4,0.5,0.75,5,1.0,1.0,2710.7855,254.5385,9,13,0,1.3758,93.7491
8,6,0.5,1.0,3,1.0,0.5,2692.9801,221.0769,7,13,0,1.4201,92.7091
8,6,0.5,1.0,5,1.0,1.0,2681.0095,224.0,8,13,0,1.2941,93.1767
8,6,0.5,0.75,5,1.0,1.0,2645.6767,276.3846,9,13,0,1.1228,93.153
10,6,0.3,1.0,3,1.0,1.0,2624.9749,233.3077,8,13,0,1.3564,95.7368
8,6,0.5,1.0,3,0.5,1.0,2595.1825,218.8462,11,13,0,0.8235,97.0636
8,6,0.5,0.75,3,1.0,0.5,2588.2938,273.3846,7,13,0,1.2565,91.1642
12,6,0.5,1.0,5,0.5,1.0,2587.5135,225.0769,7,13,0,1.4067,92.8993
12,4,0.5,1.5,5,1.0,0.5,2586.9628,95.6923,7,13,1,1.3835,94.3674
12,6,0.5,1.0,8,1.0,0.5,2574.0892,225.3846,7,13,0,1.5378,92.0651
8,8,0.3,1.0,3,1.0,1.0,2521.1697,229.6154,9,13,0,1.3733,93.4639
10,6,1.0,0.75,5,0.5,0.5,2507.8113,216.5385,7,13,0,1.2731,85.7192
12,6,0.5,1.0,5,0.5,0.5,2494.7699,228.1538,7,13,0,1.5185,92.2058
12,4,0.3,0.75,3,0.5,1.0,2491.6651,285.1538,10,13,0,1.3019,95.8751
12,4,0.5,1.5,8,1.0,0.5,2489.0495,95.5385,7,13,1,1.418,94.164
12,6,0.3,1.0,3,1.0,0.5,2468.6298,239.5385,7,13,0,1.5645,94.4884
12,4,0.5,1.5,5,0.5,0.5,2462.9433,97.5385,7,13,1,1.3819,94.4531
12,4,0.5,1.5,8,0.5,0.5,2460.3235,96.6923,7,13,1,1.4074,94.2111
8,4,0.5,0.75,5,1.0,0.5,2460.1805,259.2308,8,13,0,1.2928,93.8937
12,6,0.5,1.0,3,1.0,0.5,2447.1242,221.7692,7,13,0,1.537,91.8377
8,6,0.3,1.0,5,1.0,1.0,2438.0801,240.1538,9,13,0,1.3219,95.7325
12,4,0.5,1.5,3,0.5,0.5,2438.0409,97.2308,7,13,1,1.3489,94.8696
8,6,0.3,1.0,3,1.0,0.5,2433.8542,237.5385,7,13,0,1.4463,95.1618
8,4,0.5,1.5,3,1.0,0.5,2409.631,97.6154,8,13,1,1.2349,94.3451
10,4,0.3,1.0,5,0.5,1.0,2403.5243,206.1538,7,13,0,1.3617,95.3538
8,8,0.5,0.75,5,1.0,1.0,2384.4497,272.9231,9,13,0,1.1479,92.0981
8,8,1.0,0.75,5,0.5,0.5,2369.0861,229.5385,9,13,0,1.2104,86.4341
8,8,0.5,0.75,3,1.0,0.5,2361.3351,270.1538,7,13,0,1.2828,90.2395
10,8,1.0,0.75,5,0.5,0.5,2356.7153,222.6154,7,13,0,1.2562,86.8073
12,6,0.3,1.0,8,1.0,0.5,2348.8479,243.0,7,13,0,1.5624,94.6971
12,6,0.3,1.0,3,1.0,1.0,2333.822,238.6154,8,13,0,1.4959,94.713
12,8,0.5,1.0,8,0.5,1.0,2320.6301,225.6923,7,13,0,1.6154,88.4072
8,6,0.5,0.75,3,0.5,1.0,2311.1242,268.0769,12,13,0,0.5936,96.6454
8,8,0.3,0.75,3,1.0,1.0,2308.8892,286.8462,10,13,0,1.1273,92.97
10,4,0.5,1.5,5,1.0,0.5,2307.4914,100.7692,8,13,1,1.3106,94.8617
12,6,0.5,1.0,8,0.5,0.5,2304.2595,227.8462,7,13,0,1.5343,91.9775
12,8,1.0,0.75,8,1.0,0.5,2298.5922,204.0,6,13,0,1.523,84.6305
10,4,0.5,1.5,3,0.5,0.5,2297.1821,104.0769,8,13,1,1.2913,95.1434
12,6,0.5,1.0,3,0.5,0.5,2258.377,227.2308,8,13,0,1.4457,92.6485
12,6,0.5,1.0,3,1.0,1.0,2247.0605,220.9231,7,13,0,1.4666,92.4833
10,4,0.3,1.5,3,1.0,0.5,2239.3443,104.4615,7,13,0,1.6577,95.4826
8,4,0.5,0.75,5,1.0,1.0,2217.1487,252.6923,9,13,0,1.2025,95.0688
12,6,0.5,1.0,8,1.0,1.0,2216.7349,224.1538,7,13,0,1.4825,92.323
8,4,0.5,0.75,3,1.0,0.5,2199.8023,249.8462,8,13,0,1.3243,93.7027
10,6,0.3,1.5,8,1.0,1.0,2196.7557,147.8462,8,13,0,1.4516,93.9405
12,6,0.3,1.0,5,0.5,1.0,2190.0826,242.6923,9,13,0,1.42,95.1218
10,4,0.5,1.5,8,1.0,0.5,2189.9536,101.5385,8,13,1,1.3284,94.627
12,6,0.3,1.0,5,0.5,0.5,2189.0626,245.7692,7,13,0,1.5438,94.7985
12,6,0.3,1.0,8,0.5,0.5,2185.5678,245.5385,7,13,0,1.5528,94.7033
12,8,1.0,0.75,3,1.0,0.5,2184.7614,200.1538,7,13,0,1.5043,84.5776
10,6,0.5,1.5,3,1.0,0.5,2180.9875,138.0,8,13,0,1.5198,92.5219
12,8,1.0,0.75,5,0.5,0.5,2163.0567,207.3846,6,13,0,1.4657,85.2845
12,6,0.5,1.0,5,1.0,0.5,2162.9829,224.7692,7,13,0,1.5173,91.855
12,4,0.5,1.5,5,1.0,1.0,2150.5561,94.9231,7,13,1,1.3294,94.7773
12,4,0.5,1.5,8,1.0,1.0,2145.9785,95.1538,7,13,1,1.3708,94.4999
10,6,0.5,1.5,3,0.5,0.5,2133.0753,149.2308,9,13,0,1.445,92.2736
10,4,0.5,1.0,8,1.0,1.0,2132.24,190.3846,8,13,0,1.34,93.8294
10,6,1.0,0.75,8,0.5,0.5,2128.057,216.0769,7,13,0,1.312,85.9301
10,6,0.5,1.5,8,1.0,0.5,2120.1665,146.3846,9,13,0,1.4679,92.3749
10,8,0.5,1.0,3,0.5,1.0,2105.8975,220.8462,10,13,0,1.0209,94.6287
10,6,0.5,1.5,5,1.0,0.5,2097.3409,144.4615,9,13,0,1.471,92.3146
8,8,1.0,1.0,5,0.5,0.5,2089.5829,202.5385,7,13,0,1.3992,88.2238
10,6,0.5,0.75,3,0.5,1.0,2075.6309,272.6923,12,13,0,0.652,96.0735
12,4,0.5,1.5,5,0.5,1.0,2067.3655,95.8462,7,13,1,1.3384,94.7355
10,6,0.3,1.5,5,1.0,0.5,2065.9495,149.3846,8,13,0,1.5074,94.3449
12,6,0.3,1.0,3,0.5,0.5,2064.1979,244.6923,7,13,0,1.4801,95.0827
12,6,0.3,1.0,5,1.0,0.5,2063.746,242.1538,7,13,0,1.5527,94.5095
12,4,0.3,1.5,3,1.0,0.5,2062.793,102.0,7,13,0,1.7023,94.8224
8,4,0.5,1.5,8,0.5,0.5,2061.6957,108.9231,8,13,1,1.1688,95.3405
8,4,0.5,1.5,5,1.0,1.0,2057.0765,99.6923,8,13,1,1.2021,95.3336
12,8,1.0,0.75,3,1.0,1.0,2056.4984,199.5385,6,13,0,1.4209,84.9734
12,6,0.3,1.0,8,1.0,1.0,2036.2813,241.7692,8,13,0,1.4965,94.8755
12,6,0.5,1.5,3,1.0,0.5,2007.088,136.6923,9,13,0,1.5043,92.6789
12,4,0.5,1.5,8,0.5,1.0,2005.0763,96.0,7,13,1,1.3527,94.567
12,8,1.0,0.75,8,0.5,0.5,1993.8702,207.0,6,13,0,1.4943,84.4002
8,4,0.5,1.5,3,0.5,0.5,1993.27,108.0769,8,13,1,1.1577,95.3756
10,6,1.0,1.0,5,0.5,0.5,1978.4458,189.3077,6,13,0,1.3225,88.9912
10,4,0.3,1.0,8,0.5,1.0,1977.7177,207.6923,7,13,0,1.4325,94.9664
12,4,0.3,1.5,5,1.0,0.5,1976.3528,103.6923,7,13,0,1.7157,94.7919
10,4,0.3,1.5,8,0.5,0.5,1975.1186,112.5385,8,13,0,1.6421,95.7629
10,8,0.3,1.5,5,0.5,1.0,1974.1737,167.9231,9,13,0,1.2895,94.1595
10,4,0.3,1.5,3,0.5,0.5,1973.712,112.2308,8,13,0,1.623,96.0994
10,4,0.3,1.5,8,1.0,0.5,1955.7437,109.6154,7,13,0,1.6597,95.5029
10,6,1.0,0.75,5,0.5,1.0,1954.4117,206.0769,9,13,0,1.0929,89.0119
8,4,0.5,1.5,8,1.0,0.5,1945.2463,105.0,8,13,1,1.2121,95.1682
12,8,1.0,0.75,3,0.5,0.5,1939.3371,206.1538,8,13,0,1.4092,85.5778
12,6,0.5,1.5,8,1.0,0.5,1936.5866,139.1538,8,13,0,1.5293,92.3968
12,8,1.0,0.75,8,1.0,1.0,1934.1614,203.4615,6,13,0,1.4339,85.5434
12,8,1.0,0.75,5,0.5,1.0,1930.9598,204.7692,7,13,0,1.3067,86.908
10,4,0.3,1.5,5,1.0,0.5,1930.0331,109.2308,8,13,0,1.6324,95.794
12,4,0.3,1.5,8,1.0,0.5,1924.429,103.5385,7,13,0,1.7412,94.501
12,6,0.5,1.5,5,1.0,0.5,1923.8031,138.6923,9,13,0,1.5084,92.8681
12,4,0.3,1.5,8,0.5,0.5,1923.692,104.5385,7,13,0,1.7356,94.6877
10,8,1.0,0.75,8,0.5,0.5,1917.2083,222.1538,8,13,0,1.3004,85.9923
12,8,0.5,1.0,3,0.5,1.0,1908.1405,223.0769,9,13,0,1.2973,92.8372
8,4,1.0,0.75,5,1.0,0.5,1907.9513,159.6154,5,13,1,1.2526,84.4176
8,4,0.3,0.75,3,1.0,1.0,1907.7707,271.5385,9,13,0,1.3055,95.8551
12,4,1.0,0.75,8,0.5,0.5,1902.2942,154.0769,4,13,1,1.4589,85.9072
8,8,1.0,0.75,8,0.5,0.5,1897.7438,229.6154,8,13,0,1.2535,86.7126
12,8,1.0,0.75,5,1.0,0.5,1889.5058,203.3846,6,13,0,1.4891,85.31
12,4,0.5,1.5,3,1.0,1.0,1888.1334,93.4615,8,13,1,1.2909,95.0289
12,6,0.5,1.0,5,1.0,1.0,1882.1234,223.2308,8,13,0,1.4112,92.584
12,4,0.3,1.5,5,0.5,0.5,1879.2151,105.4615,7,13,0,1.7122,94.9526
10,8,0.5,0.75,3,0.5,1.0,1877.5633,268.1538,11,13,0,0.7018,95.0447
10,4,0.3,1.5,5,0.5,0.5,1869.0569,114.2308,8,13,0,1.6054,95.9742
8,4,0.5,1.5,5,1.0,0.5,1860.469,103.6154,8,13,1,1.2012,95.0934
12,6,0.5,1.5,8,0.5,0.5,1857.7212,141.1538,9,13,0,1.5182,92.5517
10,6,0.5,1.5,8,0.5,0.5,1856.0657,152.3846,9,13,0,1.4195,92.6093
10,8,0.3,1.5,5,0.5,0.5,1854.0565,177.4615,9,13,0,1.4086,93.5005
10,6,0.5,1.5,8,1.0,1.0,1852.8788,143.1538,9,13,0,1.4099,92.2602
10,4,0.5,1.5,5,1.0,1.0,1845.2651,97.6923,8,13,1,1.2893,95.2031
8,6,1.0,0.75,5,0.5,0.5,1845.0873,223.0769,8,13,0,1.2074,87.3466
12,6,0.5,1.5,5,0.5,0.5,1844.8876,141.6923,9,13,0,1.4982,92.8893
10,6,0.3,1.5,3,1.0,0.5,1842.9419,143.6923,7,13,0,1.5514,94.3961
10,6,0.3,1.5,3,0.5,0.5,1840.7215,153.6154,8,13,0,1.4803,94.3435
12,6,0.5,1.5,3,0.5,0.5,1839.9214,140.7692,9,13,0,1.474,93.508
10,4,0.5,1.5,5,0.5,0.5,1835.054,106.6154,8,13,1,1.2534,94.8699
12,4,0.3,1.5,3,0.5,0.5,1834.8081,105.1538,7,13,0,1.6932,95.2085
12,6,0.3,1.0,5,1.0,1.0,1821.8806,240.7692,8,13,0,1.4412,94.9462
10,4,0.3,1.0,8,1.0,1.0,1819.0146,204.6923,8,13,0,1.4845,94.7262
10,4,0.5,1.5,8,0.5,0.5,1816.1991,105.0,8,13,1,1.283,94.9327
10,8,1.0,0.75,5,0.5,1.0,1816.088,212.0769,10,13,0,1.0859,90.3031
10,8,0.3,1.5,8,0.5,1.0,1816.0703,169.5385,9,13,0,1.3764,93.8249
12,4,1.0,0.75,8,1.0,0.5,1807.4105,151.2308,3,13,1,1.486,85.7364
10,6,0.3,1.5,8,1.0,0.5,1802.7572,150.8462,8,13,0,1.5158,94.2361
12,4,0.5,0.75,8,0.5,1.0,1798.0347,257.3077,8,13,0,1.4175,93.4779
10,4,0.5,1.5,3,1.0,1.0,1793.8778,94.3846,8,13,1,1.1828,95.3482
10,8,0.5,1.5,5,0.5,1.0,1790.7573,160.3846,8,13,0,1.3434,93.1201
8,4,0.5,1.5,8,1.0,1.0,1787.4636,102.1538,8,13,1,1.1478,95.3435
8,8,0.5,1.0,3,1.0,1.0,1785.9346,213.6154,9,13,0,1.35,93.1197
10,6,0.3,1.5,5,1.0,1.0,1785.0493,145.6923,8,13,0,1.4484,94.7136
10,4,0.5,1.5,8,1.0,1.0,1781.5179,99.2308,8,13,1,1.2879,94.7369
10,4,0.5,1.0,5,0.5,1.0,1766.8556,192.0769,8,13,0,1.2217,93.5672
10,6,0.5,1.5,5,0.5,0.5,1744.7127,153.4615,9,13,0,1.386,92.7381
10,8,0.3,1.5,8,1.0,1.0,1736.867,165.9231,8,13,0,1.4201,93.7342
8,6,0.5,1.0,3,1.0,1.0,1728.1873,213.3077,8,13,0,1.2741,93.9519
12,4,0.5,0.75,3,0.5,1.0,1722.8175,254.0769,11,13,0,1.1367,95.5253
10,6,1.0,0.75,5,1.0,0.5,1721.6048,203.7692,6,13,0,1.4133,84.9137
10,6,0.3,1.5,5,0.5,1.0,1717.9205,149.6923,9,13,0,1.3273,94.4876
10,6,0.3,1.5,5,0.5,0.5,1702.4121,157.3077,9,13,0,1.4403,94.4948
10,4,1.0,0.75,5,1.0,0.5,1695.3366,156.9231,5,13,1,1.4197,84.3471
10,8,0.3,1.5,8,0.5,0.5,1685.3841,176.3077,9,13,0,1.4483,93.5876
10,4,0.5,1.0,5,1.0,0.5,1684.4158,191.5385,8,13,0,1.4138,93.2393
10,8,1.0,1.0,5,0.5,1.0,1683.0369,185.5385,9,13,0,1.2938,90.114
10,6,0.3,1.0,3,0.5,1.0,1674.7652,236.8462,11,13,0,0.9347,97.415
12,4,1.0,0.75,8,1.0,1.0,1673.2276,150.6154,4,13,1,1.3898,86.595
12,6,0.3,1.5,8,1.0,0.5,1672.8956,144.6154,8,13,0,1.5636,94.084
10,6,1.0,0.75,5,1.0,1.0,1671.9546,199.3077,7,13,0,1.2557,87.6072
8,8,1.0,1.0,8,0.5,0.5,1661.8319,202.3846,7,13,0,1.4509,88.8986
12,4,1.0,0.75,8,0.5,1.0,1648.0221,152.5385,5,13,1,1.3444,87.2013
8,4,0.3,1.5,3,1.0,0.5,1642.6825,106.3077,8,13,0,1.5592,95.8336
10,6,1.0,0.75,8,0.5,1.0,1641.8193,208.6154,8,13,0,1.1683,87.1115
12,6,1.0,0.75,8,1.0,0.5,1639.3901,198.1538,6,13,0,1.5149,86.0869
10,8,0.5,1.5,8,0.5,1.0,1639.3323,162.4615,8,13,0,1.4062,93.0862
10,6,0.3,1.5,8,0.5,1.0,1632.6982,150.7692,9,13,0,1.3969,94.2024
10,8,0.5,1.5,5,0.5,0.5,1630.765,170.1538,7,13,0,1.4461,92.662
12,6,0.3,1.5,3,1.0,0.5,1629.4811,142.4615,8,13,0,1.5378,94.5009
12,4,0.5,1.5,3,0.5,1.0,1625.9719,95.3077,9,13,1,1.2291,95.9226
8,4,1.0,0.75,8,1.0,0.5,1618.4997,164.3077,6,13,1,1.2065,86.7878
12,6,0.3,1.5,5,1.0,0.5,1618.0279,144.2308,8,13,0,1.5462,94.509
10,6,1.0,1.0,8,0.5,0.5,1614.7364,188.7692,7,13,0,1.3575,89.7255
10,6,1.0,0.75,8,1.0,0.5,1602.7815,206.3077,6,13,0,1.3965,84.876
12,8,1.0,0.75,5,1.0,1.0,1601.2465,202.3077,8,13,0,1.3505,87.4602
10,4,0.5,1.0,8,0.5,1.0,1600.8218,194.0,8,13,0,1.2723,93.5856
8,4,0.3,1.5,8,0.5,0.5,1598.2117,116.5385,8,13,0,1.5396,96.3642
12,4,0.3,1.5,8,0.5,1.0,1597.1165,103.8462,7,13,0,1.6924,95.009
10,6,0.3,1.5,8,0.5,0.5,1594.2443,156.2308,8,13,0,1.4713,94.4107
10,4,0.3,1.5,8,1.0,1.0,1593.919,107.3846,7,13,0,1.6205,95.5411
10,8,1.0,0.75,5,1.0,0.5,1581.1042,210.0769,6,13,0,1.3907,85.7171
10,4,0.5,1.0,3,0.5,0.5,1578.9934,197.0769,7,13,0,1.368,93.6872
10,4,0.3,1.5,5,1.0,1.0,1576.4334,106.1538,7,13,0,1.603,95.5561
8,6,0.3,1.0,3,1.0,1.0,1575.6829,229.4615,8,13,0,1.2952,95.8601
12,4,0.3,1.5,8,1.0,1.0,1570.8995,103.1538,7,13,0,1.7066,94.8118
10,8,0.3,1.5,5,1.0,0.5,1562.8458,167.2308,7,13,0,1.5175,92.6285
8,6,0.5,0.75,3,1.0,1.0,1556.9482,264.0769,9,13,0,1.0942,93.2499
12,6,1.0,0.75,5,0.5,0.5,1556.2797,201.5385,6,13,0,1.4595,86.6276
10,4,0.5,1.0,5,0.5,0.5,1549.9925,201.6923,9,13,0,1.3268,93.3402
12,4,0.3,1.5,5,1.0,1.0,1549.2778,102.9231,7,13,0,1.6777,95.0454
12,6,1.0,0.75,3,1.0,0.5,1548.364,194.3077,6,13,0,1.4945,86.2569
8,4,0.5,1.5,5,0.5,0.5,1545.8621,110.7692,8,13,1,1.1314,95.375
12,6,0.5,1.0,8,0.5,1.0,1545.6307,225.6923,7,13,0,1.4667,92.1887
10,4,0.5,1.0,3,1.0,0.5,1542.3505,184.7692,7,13,0,1.4542,93.8217
8,4,1.0,0.75,8,0.5,0.5,1536.3136,176.3846,7,13,1,1.1571,87.1006
10,6,1.0,1.0,5,0.5,1.0,1534.1152,179.3077,9,13,0,1.1515,90.3802
8,4,0.5,1.5,8,0.5,1.0,1533.0981,104.6154,8,13,1,1.0996,95.2024
10,6,0.5,1.0,3,0.5,1.0,1525.5243,220.9231,11,13,0,0.8916,95.9988
10,6,0.5,1.5,5,1.0,1.0,1522.9734,140.6923,9,13,0,1.3988,93.3023
10,8,1.0,0.75,5,1.0,1.0,1522.279,205.5385,7,13,0,1.2304,88.8553
10,8,1.0,0.75,8,1.0,1.0,1521.4751,208.7692,7,13,0,1.2686,87.3325
8,6,1.0,1.0,5,0.5,0.5,1521.2696,196.6923,7,13,0,1.2167,90.7172
12,6,0.3,1.5,5,0.5,0.5,1520.5782,147.0,8,13,0,1.5341,94.3708
12,4,0.5,1.0,8,1.0,0.5,1519.5063,187.8462,8,13,0,1.4754,93.3458
8,4,1.0,0.75,8,0.5,1.0,1517.9451,166.8462,7,13,1,1.0637,87.6351
10,4,0.3,1.0,5,1.0,0.5,1514.8649,206.3846,8,13,0,1.5466,94.7691
8,8,1.0,1.0,5,0.5,1.0,1513.3181,189.7692,10,13,0,1.2348,91.1377
12,6,0.3,1.5,8,0.5,0.5,1511.8866,146.5385,8,13,0,1.5445,94.2995
10,6,1.0,0.75,8,1.0,1.0,1510.3781,202.3846,6,13,0,1.2956,86.2075
12,6,0.3,1.5,3,0.5,0.5,1508.6861,146.1538,8,13,0,1.5155,94.8283
10,8,0.5,1.5,8,1.0,1.0,1506.3768,158.3077,9,13,0,1.4573,92.474
10,4,0.3,1.5,8,0.5,1.0,1502.0524,109.2308,7,13,0,1.5911,95.7686
10,8,1.0,0.75,8,1.0,0.5,1493.8292,212.6154,7,13,0,1.3781,85.7243
10,6,0.5,1.5,8,0.5,1.0,1487.8669,146.4615,9,13,0,1.3467,92.8403
10,8,0.5,1.5,8,0.5,0.5,1484.6305,169.2308,7,13,0,1.4806,92.7973
8,8,1.0,0.75,3,0.5,0.5,1482.9434,221.6923,7,13,0,1.2558,87.2873
10,6,1.0,0.75,3,0.5,0.5,1480.5805,210.3077,6,13,0,1.3373,85.4032
12,4,0.3,1.5,5,0.5,1.0,1466.8405,103.8462,7,13,0,1.6809,95.1655
10,4,0.5,1.0,8,1.0,0.5,1463.6237,194.0769,8,13,0,1.3963,93.9168
10,4,0.5,1.0,5,1.0,1.0,1460.767,187.3077,7,13,0,1.3368,94.1695
12,4,0.5,1.0,3,1.0,0.5,1458.8001,184.6923,8,13,0,1.4709,93.0658
12,4,0.3,1.0,8,1.0,0.5,1457.1861,202.9231,8,13,0,1.6301,94.6409
8,8,1.0,1.0,3,0.5,0.5,1454.1661,195.3846,6,13,0,1.4454,87.5361
12,6,0.3,1.0,8,0.5,1.0,1453.6243,243.3077,8,13,0,1.4797,94.8921
8,8,0.5,0.75,3,0.5,1.0,1445.226,263.6154,12,13,0,0.6367,96.2657
12,6,1.0,0.75,8,0.5,0.5,1442.8908,201.1538,6,13,0,1.4874,85.6985
10,8,1.0,0.75,8,0.5,1.0,1440.0425,214.7692,10,13,0,1.1587,88.5803
10,4,0.3,1.5,3,1.0,1.0,1439.862,103.0,7,13,0,1.5151,96.4313
10,8,1.0,0.75,3,0.5,0.5,1435.5071,216.4615,7,13,0,1.3276,85.8731
10,8,0.3,1.5,5,1.0,1.0,1434.5577,162.9231,7,13,0,1.4329,93.7011
8,4,0.5,0.75,3,1.0,1.0,1434.4722,241.2308,9,13,0,1.1969,94.8167
10,4,1.0,0.75,8,1.0,0.5,1431.6247,159.6923,3,13,1,1.3909,85.7021
12,6,0.5,1.5,5,1.0,1.0,1429.3378,137.8462,9,13,0,1.4483,93.3365
12,4,0.5,1.0,5,1.0,0.5,1428.1276,186.8462,9,13,0,1.4679,93.016
10,4,1.0,0.75,3,1.0,0.5,1424.6455,149.2308,4,13,1,1.4927,84.0356
12,4,0.3,1.0,3,1.0,0.5,1424.637,200.2308,8,13,0,1.6161,94.6643
12,4,0.3,1.0,5,1.0,0.5,1419.0228,202.0,8,13,0,1.6223,94.6611
10,4,1.0,0.75,8,0.5,0.5,1413.3983,168.6923,4,13,1,1.3345,85.9872
12,6,0.5,1.5,8,1.0,1.0,1409.5753,138.6154,9,13,0,1.467,93.1089
12,4,0.5,1.0,5,0.5,0.5,1407.0988,190.6154,8,13,0,1.4459,93.3786
8,8,0.5,0.75,3,1.0,1.0,1404.7877,260.6154,9,13,0,1.1016,93.062
12,6,1.0,0.75,3,0.5,0.5,1403.2119,200.2308,7,13,0,1.4032,87.2571
12,6,1.0,0.75,3,1.0,1.0,1399.6828,193.6923,6,13,0,1.4222,86.9141
10,6,1.0,0.75,3,1.0,0.5,1399.4558,195.4615,6,13,0,1.4704,84.4058
10,4,0.3,1.0,3,1.0,0.5,1399.1843,199.9231,7,13,0,1.5843,94.4856
8,4,0.3,1.5,5,1.0,1.0,1393.2219,108.0769,8,13,0,1.5138,95.9537
10,8,1.0,1.0,5,0.5,0.5,1392.9839,195.6923,6,13,0,1.4418,88.5137
8,6,1.0,0.75,8,0.5,0.5,1392.7293,223.0,7,13,0,1.2495,87.1182
10,4,1.0,1.5,3,1.0,0.5,1391.6705,70.8462,7,13,3,0.9448,91.671
10,4,1.0,0.75,5,0.5,0.5,1391.1147,169.3077,6,13,1,1.2909,86.0762
10,4,0.3,1.0,5,0.5,0.5,1387.396,215.3077,9,13,0,1.4695,94.7184
10,4,0.5,1.0,8,0.5,0.5,1385.2516,200.6154,8,13,0,1.3443,93.501
10,4,0.3,1.5,5,0.5,1.0,1385.1518,108.7692,7,13,0,1.5457,95.9091
10,8,0.3,1.5,8,1.0,0.5,1380.0137,169.6923,8,13,0,1.4876,93.314
12,4,0.5,1.0,3,0.5,0.5,1376.0236,189.2308,9,13,0,1.4116,93.7879
10,8,0.3,1.5,3,1.0,0.5,1367.2073,160.9231,7,13,0,1.5587,92.3477
12,6,1.0,0.75,8,1.0,1.0,1363.0933,197.6154,6,13,0,1.4273,87.0258
12,6,1.0,0.75,5,1.0,0.5,1362.8035,197.4615,6,13,0,1.4808,86.9738
8,4,0.3,1.5,8,1.0,0.5,1354.7103,113.0769,8,13,0,1.5514,96.2346
12,6,0.3,1.5,8,1.0,1.0,1353.9954,144.0769,8,13,0,1.5063,94.4082
8,4,1.0,0.75,8,1.0,1.0,1352.4515,159.0769,7,13,1,1.0835,87.5133
12,4,0.3,1.5,3,1.0,1.0,1344.7159,101.6154,7,13,0,1.6306,95.7064
10,6,1.0,1.0,8,0.5,1.0,1339.7119,181.8462,7,13,0,1.219,90.1908
12,6,0.3,1.5,5,1.0,1.0,1336.7925,143.3846,8,13,0,1.4992,94.7891
10,6,0.5,1.5,5,0.5,1.0,1331.7966,145.1538,9,13,0,1.2718,93.5455
12,6,1.0,0.75,5,0.5,1.0,1330.4141,198.9231,7,13,0,1.3127,88.3356
12,6,0.3,1.0,3,0.5,1.0,1330.4073,240.5385,10,13,0,1.1811,96.9205
12,4,0.3,1.0,3,0.5,0.5,1325.0448,204.3077,8,13,0,1.561,95.2138
12,8,1.0,0.75,8,0.5,1.0,1321.0231,205.5385,6,13,0,1.3826,85.5862
12,6,0.5,1.5,5,0.5,1.0,1319.7062,139.6923,9,13,0,1.4197,93.605
12,8,0.5,1.5,3,1.0,0.5,1318.1447,151.3846,7,13,0,1.5868,90.3976
12,8,0.3,1.5,3,1.0,0.5,1317.6995,160.4615,7,13,0,1.5208,92.9575
12,8,0.5,1.5,8,1.0,0.5,1316.8692,154.6923,6,13,0,1.5921,90.573
10,4,0.3,1.0,5,1.0,1.0,1314.8408,202.0769,7,13,0,1.4722,95.131
12,4,0.3,1.0,5,0.5,0.5,1311.7702,205.6154,8,13,0,1.5954,94.871
10,8,0.5,1.5,5,1.0,0.5,1307.5876,159.6154,6,13,0,1.5447,91.5601
8,4,0.5,1.5,5,0.5,1.0,1301.7441,103.6923,8,13,1,1.146,95.9653
8,4,0.3,1.5,8,0.5,1.0,1299.4744,112.3846,8,13,0,1.4911,96.2283
10,4,0.3,1.0,8,0.5,0.5,1296.9733,214.0769,7,13,0,1.4923,94.6111
12,6,0.3,1.5,3,1.0,1.0,1286.8472,141.6923,8,13,0,1.4835,95.3344
8,4,0.3,1.5,5,1.0,0.5,1285.9575,112.0769,8,13,0,1.5331,96.2252
12,6,0.5,1.5,3,1.0,1.0,1283.7305,135.9231,9,13,0,1.4465,93.8958
10,8,1.0,0.75,3,1.0,0.5,1281.1976,201.6923,6,13,0,1.4554,84.6492
12,8,0.5,1.5,8,0.5,0.5,1280.0951,156.9231,6,13,0,1.5856,90.7966
10,6,1.0,1.0,5,1.0,0.5,1279.5636,177.3077,5,13,0,1.4339,89.0153
8,8,1.0,0.75,5,0.5,1.0,1277.7327,216.0769,11,13,0,1.0173,92.3024
12,4,0.5,1.0,8,0.5,0.5,1276.5841,190.1538,8,13,0,1.4636,93.3399
12,8,0.5,1.5,5,0.5,0.5,1272.6205,157.4615,6,13,0,1.5609,91.1029
10,4,1.0,0.75,8,1.0,1.0,1271.8662,156.0,5,13,1,1.3009,86.598
10,4,0.3,1.0,8,1.0,0.5,1270.4236,208.4615,8,13,0,1.5375,94.4336
10,8,0.3,1.5,3,0.5,0.5,1265.5747,172.4615,7,13,0,1.4651,92.715
8,8,1.0,1.0,8,0.5,1.0,1260.6785,193.6154,7,13,0,1.2934,90.6389
12,4,0.3,1.0,8,0.5,0.5,1255.8907,204.9231,8,13,0,1.6155,95.007
12,4,1.0,1.5,3,1.0,0.5,1255.7689,67.5385,7,13,3,0.9493,91.115
10,4,0.3,1.0,3,0.5,0.5,1255.0845,211.5385,7,13,0,1.4864,95.1491
10,8,1.0,1.0,8,0.5,1.0,1246.8958,188.1538,7,13,0,1.3601,89.3806
12,4,1.0,0.75,5,1.0,0.5,1238.358,150.5385,5,13,1,1.4436,86.0431
10,6,0.3,1.5,3,1.0,1.0,1229.6232,141.6923,9,13,0,1.3719,95.9373
8,6,1.0,0.75,3,0.5,0.5,1229.4719,215.5385,9,13,0,1.2425,87.6122
8,4,0.3,1.5,3,0.5,0.5,1229.3527,116.2308,8,13,0,1.5091,96.5118
10,6,1.0,1.0,8,1.0,0.5,1226.6938,179.9231,5,13,0,1.4182,89.2684
10,6,0.5,1.5,3,1.0,1.0,1225.2273,136.0,9,13,0,1.3456,94.6986
12,4,0.5,1.0,8,1.0,1.0,1221.211,187.3077,9,13,0,1.4207,93.5957
8,6,1.0,0.75,5,0.5,1.0,1220.3803,209.6154,11,13,0,1.0415,91.048
10,8,0.5,1.5,8,1.0,0.5,1217.0834,162.0769,6,13,0,1.5237,92.2507
12,4,0.5,1.0,5,1.0,1.0,1210.6001,186.0,9,13,0,1.4153,93.4931
10,6,1.0,1.0,5,1.0,1.0,1209.2886,172.9231,7,13,0,1.2989,90.4289
12,8,0.5,1.5,3,0.5,0.5,1209.1655,156.0769,8,13,0,1.5296,91.6389
12,8,0.5,1.5,5,1.0,0.5,1204.6539,153.8462,7,13,0,1.5835,90.6555
8,4,0.3,1.5,8,1.0,1.0,1201.2265,110.4615,8,13,0,1.4899,96.4325
8,4,0.3,1.5,5,0.5,0.5,1200.6035,118.4615,8,13,0,1.4975,96.6143
12,6,0.5,1.5,8,0.5,1.0,1195.8015,140.0,9,13,0,1.4427,93.3609
12,8,0.3,1.5,8,1.0,0.5,1195.5502,163.6154,7,13,0,1.5211,93.5165
8,6,0.5,1.5,3,1.0,0.5,1190.2375,140.4615,8,13,0,1.3978,93.418
10,8,1.0,0.75,3,1.0,1.0,1189.2017,198.0769,7,13,0,1.224,87.571
10,6,1.0,1.0,8,1.0,1.0,1183.8873,176.1538,6,13,0,1.3178,89.7243
12,6,0.3,1.5,5,0.5,1.0,1183.2683,145.0769,8,13,0,1.4663,94.6805
12,8,0.3,1.5,8,0.5,0.5,1181.9002,165.6923,7,13,0,1.5083,93.5453
8,4,0.5,1.5,3,1.0,1.0,1179.0144,94.9231,9,13,1,1.0665,95.4616
8,4,1.0,0.75,5,0.5,0.5,1176.8724,176.4615,7,13,1,1.1232,87.3426
10,8,0.5,1.5,3,0.5,0.5,1176.6693,165.0769,7,13,0,1.5022,91.945
10,4,0.5,1.5,8,0.5,1.0,1175.1449,101.3846,8,13,1,1.2336,94.9372
8,8,1.0,0.75,8,0.5,1.0,1173.7721,220.3077,10,13,0,1.0855,89.9835
12,4,1.0,0.75,5,0.5,0.5,1173.5673,154.5385,5,13,1,1.4233,86.9345
10,8,0.5,1.5,5,1.0,1.0,1167.3497,155.1538,8,13,0,1.4565,92.8072
12,4,1.0,0.75,3,1.0,0.5,1166.3927,147.6154,5,13,1,1.4364,85.2544
10,8,0.5,1.5,3,1.0,0.5,1152.1955,152.7692,5,13,0,1.5921,91.205
10,8,1.0,1.0,8,0.5,0.5,1151.8816,195.2308,7,13,0,1.4831,88.676
8,4,1.0,0.75,5,1.0,1.0,1149.8635,154.1538,6,13,1,1.1332,87.5906
8,6,0.5,1.5,3,0.5,0.5,1142.2834,154.8462,9,13,0,1.3327,93.0839
12,4,0.3,1.0,8,1.0,1.0,1141.648,202.0769,8,13,0,1.5825,94.6185
12,4,0.3,1.0,5,1.0,1.0,1136.7229,201.0,8,13,0,1.5679,94.9757
12,4,1.0,1.5,8,1.0,0.5,1136.6929,69.9231,7,13,3,1.0447,91.55
8,6,0.3,1.5,3,1.0,0.5,1135.6653,145.6923,8,13,0,1.4366,94.9959
10,6,1.0,0.75,3,1.0,1.0,1135.3529,192.2308,7,13,0,1.2487,87.3635
12,4,0.5,1.0,3,1.0,1.0,1128.116,184.0769,9,13,0,1.4062,94.1697
12,4,1.0,1.5,5,1.0,0.5,1125.4545,69.7692,8,13,3,0.9919,91.5393
8,6,0.3,1.5,5,1.0,0.5,1123.8941,153.0,9,13,0,1.4012,94.8587
10,6,1.0,1.0,3,0.5,0.5,1123.088,183.5385,5,13,0,1.3694,89.3739
12,8,0.3,1.5,5,0.5,0.5,1122.2865,166.4615,7,13,0,1.4833,93.6804
8,6,1.0,1.0,8,0.5,0.5,1116.0045,196.3846,7,13,0,1.2604,90.9821
12,6,1.0,0.75,5,1.0,1.0,1115.2847,196.5385,6,13,0,1.3542,89.1717
12,8,0.3,1.5,3,1.0,1.0,1115.2092,159.6154,8,13,0,1.4653,93.7043
10,8,1.0,1.0,8,1.0,1.0,1115.0432,182.4615,6,13,0,1.4442,88.4019
12,8,0.3,1.5,5,1.0,0.5,1114.1994,162.6923,7,13,0,1.5188,93.4645
8,6,0.3,1.5,3,0.5,0.5,1108.7576,158.7692,9,13,0,1.3658,94.5407
12,6,0.5,1.0,3,0.5,1.0,1096.313,223.3077,10,13,0,1.1463,95.3182
8,4,0.3,1.5,5,0.5,1.0,1094.966,111.6154,8,13,0,1.443,96.7728
8,6,0.5,1.5,5,1.0,0.5,1093.3361,148.4615,9,13,0,1.362,93.5049
12,8,0.3,1.5,3,0.5,0.5,1091.4244,165.0,7,13,0,1.4615,93.8804
12,4,0.3,1.0,3,1.0,1.0,1085.8953,199.4615,8,13,0,1.5561,94.9655
8,6,1.0,0.75,8,0.5,1.0,1073.9372,213.4615,7,13,0,1.0981,88.2147
8,8,0.3,1.5,5,0.5,0.5,1072.4361,183.5385,9,13,0,1.3111,94.8252
10,4,0.5,1.5,3,0.5,1.0,1071.6537,98.3077,9,13,1,1.1143,96.6702
10,4,0.5,1.5,5,0.5,1.0,1069.7815,100.8462,8,13,1,1.2572,95.2757
12,8,0.5,1.5,5,0.5,1.0,1054.4279,154.8462,8,13,0,1.4628,91.8232
12,4,1.0,1.5,8,0.5,0.5,1052.1223,71.9231,7,13,3,1.014,91.4648
10,6,1.0,1.0,3,1.0,0.5,1052.0167,169.1538,5,13,0,1.4915,88.9234
12,4,1.0,1.5,5,0.5,0.5,1046.2059,72.7692,7,13,3,0.9662,91.4903
8,4,1.0,0.75,3,1.0,0.5,1044.2714,150.1538,4,13,1,1.2769,84.4145
12,8,0.5,1.5,8,1.0,1.0,1039.8124,153.6923,7,13,0,1.5433,90.8218
10,4,0.5,1.0,3,1.0,1.0,1036.9167,181.8462,8,13,0,1.2677,95.5619
8,8,0.3,1.5,8,0.5,0.5,1030.4515,182.1538,9,13,0,1.36,94.7296
12,4,1.0,1.5,3,0.5,0.5,1030.1306,72.0,8,13,3,0.9111,92.2325
12,4,0.5,1.0,5,0.5,1.0,1027.0776,188.3846,8,13,0,1.3489,94.028
12,8,0.5,1.5,3,1.0,1.0,1019.3023,150.5385,8,13,0,1.533,91.7954
8,6,0.5,1.5,8,0.5,0.5,1016.7776,158.5385,9,13,0,1.3198,93.6549
12,4,0.3,1.0,5,0.5,1.0,1013.081,203.0769,7,13,0,1.512,95.2032
12,8,0.3,1.5,8,0.5,1.0,1008.858,164.0,8,13,0,1.453,93.9786
8,8,1.0,0.75,8,1.0,0.5,1008.3042,216.8462,7,13,0,1.2978,86.5393
8,8,0.5,1.5,5,0.5,0.5,1007.9377,176.7692,9,13,0,1.3384,93.8289
8,6,0.3,1.5,5,0.5,0.5,1004.922,163.0769,9,13,0,1.3399,94.6282
12,4,1.0,0.75,3,1.0,1.0,1004.1927,147.0,5,13,1,1.3779,85.2673
12,4,0.3,1.0,8,0.5,1.0,991.9946,203.3846,8,13,0,1.5569,95.2119
8,6,0.3,1.5,8,0.5,0.5,989.5492,161.9231,9,13,0,1.3752,94.5522
8,6,1.0,1.0,3,0.5,0.5,988.8349,189.5385,6,13,0,1.2629,90.0881
12,4,1.0,0.75,5,1.0,1.0,982.1085,149.5385,5,13,1,1.3296,87.1872
8,8,0.5,1.5,8,0.5,0.5,980.9024,175.6154,9,13,0,1.3833,93.8115
12,8,0.3,1.5,8,1.0,1.0,977.4928,162.6154,8,13,0,1.472,93.8459
12,8,1.0,0.75,3,0.5,1.0,974.3299,202.2308,10,13,0,1.0681,90.3332
10,4,1.0,0.75,8,0.5,1.0,972.5541,161.4615,5,13,1,1.2348,87.56
10,8,0.3,1.5,3,1.0,1.0,970.503,158.2308,8,13,0,1.3587,94.4962
10,4,1.0,1.5,3,0.5,0.5,969.6168,80.8462,7,13,3,0.8454,93.3512
10,8,1.0,1.0,5,1.0,0.5,968.7942,183.5385,6,13,0,1.5531,86.7293
12,8,0.3,1.5,5,0.5,1.0,960.4402,163.8462,8,13,0,1.3895,94.3127
12,8,0.5,1.5,5,1.0,1.0,957.941,152.7692,8,13,0,1.5104,91.6485
10,4,1.0,1.5,8,1.0,0.5,956.7945,77.9231,7,13,3,0.9079,93.1384
12,4,1.0,0.75,5,0.5,1.0,955.2681,151.7692,5,13,1,1.3053,87.8807
10,4,1.0,0.75,5,1.0,1.0,952.826,152.6923,5,13,1,1.288,87.1786
12,4,0.3,1.5,3,0.5,1.0,947.7646,103.3846,7,13,0,1.5722,96.3734
8,6,0.5,1.5,8,1.0,0.5,945.7886,151.5385,9,13,0,1.3491,94.214
12,6,1.0,0.75,8,0.5,1.0,938.2426,199.5385,6,13,0,1.3743,86.9548
10,4,1.0,1.5,5,1.0,0.5,937.4053,76.7692,7,13,3,0.9033,92.5174
12,8,0.3,1.5,5,1.0,1.0,937.1453,161.6154,8,13,0,1.4563,94.0067
8,4,0.5,1.5,3,0.5,1.0,935.1147,100.0,9,13,1,0.9372,97.0251
8,6,1.0,1.0,8,0.5,1.0,929.3406,187.4615,8,13,0,1.1137,92.066
10,4,1.0,0.75,3,0.5,0.5,924.393,163.4615,4,13,1,1.3232,85.6515
12,4,1.0,1.5,3,0.5,1.0,922.2708,69.6923,8,13,3,0.7049,94.2274
8,4,1.0,0.75,3,0.5,0.5,922.0157,169.1538,5,13,1,1.1591,86.0656
10,4,1.0,1.5,3,1.0,1.0,920.3885,69.1538,7,13,3,0.8073,93.7077
10,4,0.3,1.0,3,1.0,1.0,914.9746,197.1538,8,13,0,1.3813,95.8065
10,8,1.0,1.0,5,1.0,1.0,909.9085,179.1538,7,13,0,1.4151,89.9416
8,6,0.3,1.5,5,1.0,1.0,904.1281,147.7692,8,13,0,1.3779,95.3619
12,6,0.3,1.5,8,0.5,1.0,897.3493,145.3077,8,13,0,1.4731,94.5964
10,8,1.0,1.0,8,1.0,0.5,873.6144,186.1538,6,13,0,1.544,87.6203
10,8,1.0,1.0,3,0.5,0.5,867.6375,189.8462,6,13,0,1.4966,87.6914
8,6,0.3,1.5,8,1.0,0.5,865.8859,155.5385,9,13,0,1.4035,95.1345
8,6,0.5,1.5,5,0.5,0.5,859.73,159.8462,9,13,0,1.2765,93.8635
8,4,0.3,1.5,3,1.0,1.0,853.2436,103.4615,7,13,0,1.4212,96.6472
8,6,0.5,1.5,5,1.0,1.0,847.4449,143.1538,9,13,0,1.3237,94.4256
8,8,1.0,0.75,8,1.0,1.0,847.1808,211.7692,9,13,0,1.1516,88.7473
10,8,1.0,1.0,3,1.0,0.5,845.7806,175.3846,5,13,0,1.6151,86.0621
8,8,1.0,1.0,8,1.0,0.5,838.8399,190.7692,7,13,0,1.4808,88.7496
8,4,0.5,1.0,3,0.5,0.5,835.9079,201.8462,9,13,0,1.236,94.7945
10,6,1.0,1.0,3,1.0,1.0,830.1803,166.3077,6,13,0,1.2889,90.2721
12,8,0.5,1.5,8,0.5,1.0,813.097,155.2308,7,13,0,1.5218,91.0026
10,4,1.0,1.5,8,0.5,0.5,809.6493,82.6154,7,13,3,0.9087,93.5045
8,4,0.5,1.0,3,1.0,0.5,809.2022,186.0769,9,13,0,1.3183,94.6798
10,4,1.0,0.75,5,0.5,1.0,789.621,159.3077,6,13,1,1.1721,88.2594
12,4,1.0,1.5,8,1.0,1.0,786.9366,69.6154,8,13,3,0.9558,91.7113
12,8,1.0,1.0,8,1.0,0.5,780.2949,177.0,6,13,0,1.6689,86.3587
10,8,0.5,1.5,3,1.0,1.0,780.0246,149.7692,7,13,0,1.4162,93.7004
12,6,1.0,0.75,3,0.5,1.0,771.5208,196.1538,9,13,0,1.1039,91.1877
8,8,0.3,1.5,5,1.0,0.5,765.4518,170.7692,8,13,0,1.4106,94.0134
12,6,0.5,1.5,3,0.5,1.0,765.0958,138.1538,9,13,0,1.3031,96.4393
8,4,0.5,1.0,5,0.5,0.5,764.8745,207.3077,9,13,0,1.2015,95.0795
8,6,1.0,1.0,5,0.5,1.0,762.8515,184.0769,10,13,0,1.0355,93.2494
8,8,1.0,0.75,5,1.0,0.5,761.0905,212.3846,6,13,0,1.3252,85.4174
8,4,1.0,1.5,3,1.0,0.5,754.3175,72.4615,7,13,3,0.7961,92.5863
12,4,1.0,1.5,5,1.0,1.0,750.8276,69.0769,7,13,3,0.9068,92.2948
12,4,1.0,1.5,3,1.0,1.0,750.1544,67.1538,7,13,3,0.8992,93.1391
12,8,1.0,1.0,3,1.0,0.5,750.1253,173.0769,5,13,0,1.6517,85.6826
8,8,0.3,1.5,3,0.5,0.5,746.1393,177.8462,8,13,0,1.3602,94.1402
8,4,0.5,1.0,5,1.0,0.5,742.2803,194.5385,9,13,0,1.2836,94.5597
8,8,0.3,1.5,3,1.0,0.5,742.0732,162.6923,8,13,0,1.4435,93.3626
10,8,1.0,1.0,3,1.0,1.0,741.5157,172.0769,7,13,0,1.4029,88.5099
10,4,1.0,0.75,3,1.0,1.0,732.724,146.5385,5,13,1,1.3078,86.6516
12,4,1.0,1.5,8,0.5,1.0,732.6937,71.0,8,13,3,0.9274,91.7056
8,4,0.5,1.0,8,0.5,0.5,729.6373,206.0,9,13,0,1.2393,94.9837
12,4,1.0,0.75,3,0.5,0.5,728.2355,153.3846,5,13,1,1.3509,87.6311
8,6,0.3,1.5,3,1.0,1.0,726.3464,141.1538,9,13,0,1.3084,96.0852
8,8,0.5,1.5,3,0.5,0.5,726.1631,171.0769,9,13,0,1.383,93.2177
10,4,1.0,1.5,5,1.0,1.0,724.9445,73.6154,7,13,3,0.8461,93.5732
12,8,1.0,1.0,5,0.5,0.5,721.4275,180.1538,6,13,0,1.6217,86.7751
10,4,1.0,1.0,3,1.0,0.5,711.9968,122.6154,5,13,1,1.226,87.7111
10,4,0.3,1.5,3,0.5,1.0,703.0822,106.6923,9,13,0,1.3632,97.5963
12,8,1.0,1.0,8,0.5,0.5,701.7989,179.7692,6,13,0,1.6469,86.1526
8,6,1.0,0.75,8,1.0,0.5,697.9051,210.3077,7,13,0,1.2868,87.5938
8,4,0.3,1.0,3,1.0,0.5,691.0021,201.2308,8,13,0,1.4496,95.1468
10,4,1.0,1.5,8,1.0,1.0,686.5858,75.4615,7,13,3,0.841,93.5059
10,4,1.0,1.5,5,0.5,0.5,685.6009,83.9231,8,13,3,0.866,93.1834
12,6,1.0,1.0,8,1.0,0.5,673.9189,171.0769,5,13,0,1.5329,88.4293
8,8,0.5,1.5,5,1.0,0.5,671.2923,163.6154,9,13,0,1.4245,92.6452
8,8,1.0,1.0,8,1.0,1.0,665.079,185.8462,7,13,0,1.3443,90.0665
12,4,0.5,1.0,8,0.5,1.0,663.4198,188.9231,9,13,0,1.3836,93.686
8,4,0.3,1.0,5,1.0,0.5,662.64,209.2308,8,13,0,1.4144,95.68
12,8,1.0,1.0,5,1.0,0.5,662.2551,176.3077,5,13,0,1.6367,86.3398
8,4,0.3,1.0,5,0.5,0.5,656.3056,220.6923,9,13,0,1.3478,95.6298
8,8,1.0,1.0,5,1.0,0.5,654.7521,186.3077,5,13,0,1.5064,85.9665
8,4,0.3,1.0,3,0.5,0.5,652.8863,216.0,9,13,0,1.3602,95.8959
8,8,0.3,1.5,5,1.0,1.0,649.729,164.9231,8,13,0,1.3568,94.9911
8,8,0.5,1.5,3,1.0,0.5,646.7245,155.0769,8,13,0,1.4577,92.2514
8,6,0.3,1.5,8,1.0,1.0,644.9339,151.7692,9,13,0,1.3154,95.1467
8,6,0.5,1.5,8,1.0,1.0,636.4371,147.5385,9,13,0,1.2595,94.471
12,4,1.0,1.5,5,0.5,1.0,635.0888,70.8462,7,13,3,0.8897,92.2395
12,6,0.3,1.5,3,0.5,1.0,628.2376,143.6923,8,13,0,1.3566,96.7277
8,4,0.3,1.0,8,0.5,0.5,628.0322,219.1538,9,13,0,1.3897,95.5432
12,8,1.0,1.0,3,0.5,0.5,626.0931,179.0769,6,13,0,1.5586,88.1028
12,8,1.0,1.0,3,1.0,1.0,624.9559,172.5385,5,13,0,1.5718,86.7843
12,6,1.0,1.0,3,1.0,0.5,620.1237,167.2308,5,13,0,1.5135,88.3288
8,8,1.0,0.75,3,1.0,0.5,619.1145,202.5385,6,13,0,1.3313,85.592
8,6,0.5,1.5,8,0.5,1.0,610.8928,151.2308,9,13,0,1.2403,93.9011
12,8,1.0,1.0,8,1.0,1.0,610.0474,176.5385,6,13,0,1.5823,87.2768
12,6,1.0,1.0,5,0.5,0.5,609.6118,174.1538,5,13,0,1.4868,88.8493
12,6,1.0,1.0,8,0.5,0.5,608.2752,173.7692,5,13,0,1.5132,88.1874
8,6,1.0,0.75,8,1.0,1.0,600.8619,205.2308,9,13,0,1.1389,88.3073
8,6,0.5,1.5,3,1.0,1.0,597.9723,135.8462,9,13,0,1.2695,95.0369
8,4,0.5,1.0,5,1.0,1.0,596.6843,188.7692,8,13,0,1.2321,95.0032
8,8,1.0,0.75,5,1.0,1.0,595.0829,206.6154,9,13,0,1.1773,88.9231
8,8,0.3,1.5,8,0.5,1.0,590.2321,173.8462,8,13,0,1.2756,95.4502
8,8,1.0,1.0,3,1.0,0.5,588.5966,176.6154,5,13,0,1.5159,86.6338
12,4,0.5,1.0,3,0.5,1.0,584.6189,186.5385,8,13,0,1.213,96.191
8,6,1.0,1.0,8,1.0,0.5,582.518,184.6923,6,13,0,1.3026,91.1603
8,8,0.3,1.5,8,1.0,0.5,581.5313,174.6154,9,13,0,1.3635,94.9625
8,6,0.3,1.5,8,0.5,1.0,580.0423,155.0769,8,13,0,1.2974,94.6703
8,6,1.0,0.75,5,1.0,0.5,579.7254,205.8462,6,13,0,1.3225,86.3156
8,8,0.5,1.5,8,0.5,1.0,577.2805,167.4615,9,13,0,1.2795,94.6999
10,8,0.3,1.5,3,0.5,1.0,567.3256,162.3077,10,13,0,1.0627,96.1648
8,8,0.5,1.5,5,1.0,1.0,560.7722,157.5385,8,13,0,1.3681,93.9148
8,4,0.5,1.0,8,1.0,0.5,555.6267,198.0769,9,13,0,1.2622,95.32
12,8,0.5,1.5,3,0.5,1.0,554.6348,152.9231,9,13,0,1.327,94.7663
12,6,1.0,1.0,5,1.0,0.5,552.8478,170.3846,5,13,0,1.4984,88.7622
10,6,1.0,0.75,3,0.5,1.0,551.1193,196.7692,11,13,0,0.7753,92.6341
8,8,1.0,1.0,5,1.0,1.0,548.9365,180.6923,8,13,0,1.3824,89.8041
12,8,1.0,1.0,5,0.5,1.0,544.655,177.8462,7,13,0,1.4654,88.6966
8,4,1.0,1.5,3,0.5,0.5,542.7182,85.5385,8,13,3,0.6614,94.4688
8,8,0.5,1.5,8,1.0,0.5,541.5469,167.3846,9,13,0,1.3881,93.8576
10,4,1.0,1.0,5,1.0,1.0,539.1575,126.3846,6,13,1,1.0301,90.1476
10,8,1.0,0.75,3,0.5,1.0,538.2873,202.8462,11,13,0,0.7073,92.5964
12,6,1.0,1.0,8,1.0,1.0,533.0336,170.6154,5,13,0,1.4465,89.39
12,8,0.3,1.5,3,0.5,1.0,529.2132,161.8462,8,13,0,1.2906,95.674
12,6,1.0,1.0,3,0.5,0.5,523.9388,173.0769,5,13,0,1.4292,90.1678
10,8,1.0,1.5,5,0.5,0.5,520.3599,151.4615,7,13,0,1.2555,91.9913
12,6,1.0,1.0,3,1.0,1.0,515.7398,166.6923,6,13,0,1.449,89.5357
8,4,1.0,1.5,8,1.0,0.5,512.6553,81.6923,9,13,3,0.7524,94.6612
8,4,0.3,1.0,8,0.5,1.0,511.6153,211.2308,8,13,0,1.3071,95.8424
10,8,0.5,1.5,3,0.5,1.0,509.6417,154.4615,10,13,0,1.0942,96.0604
8,6,1.0,1.0,8,1.0,1.0,508.8014,179.7692,8,13,0,1.1624,91.6683
8,4,0.3,1.0,5,1.0,1.0,507.4087,203.3077,8,13,0,1.3678,95.8469
10,6,0.5,1.5,3,0.5,1.0,505.6117,140.6923,9,13,0,1.078,96.3443
12,4,0.3,1.0,3,0.5,1.0,505.5849,201.2308,9,13,0,1.3656,95.9392
8,4,1.0,0.75,5,0.5,1.0,504.3127,163.3846,8,13,1,1.0086,90.0141
12,8,1.0,1.0,5,1.0,1.0,503.0263,175.4615,7,13,0,1.5021,88.5463
10,4,0.5,1.0,3,0.5,1.0,501.1192,186.6154,10,13,0,0.9728,96.4644
10,6,0.3,1.5,3,0.5,1.0,497.6288,145.4615,10,13,0,1.1264,96.7801
10,4,1.0,1.0,3,1.0,1.0,495.4306,120.1538,6,13,1,1.0698,90.582
10,8,1.0,1.5,8,0.5,0.5,494.3788,150.7692,7,13,0,1.3068,92.3349
8,6,1.0,1.0,5,1.0,0.5,490.6684,180.2308,5,13,0,1.3379,89.6241
8,8,1.0,1.0,3,0.5,1.0,489.5669,177.2308,11,13,0,0.8113,94.3561
12,6,1.0,1.5,8,1.0,0.5,488.6259,119.7692,7,13,0,1.3562,93.0879
8,4,0.5,1.0,8,1.0,1.0,487.3814,193.4615,9,13,0,1.166,95.5961
10,6,1.0,1.5,3,1.0,0.5,485.1506,119.7692,8,13,0,1.2967,93.1552
12,6,1.0,1.5,3,1.0,0.5,484.3012,116.4615,8,13,0,1.3269,93.5327
8,6,1.0,0.75,3,1.0,0.5,481.7066,196.0,7,13,0,1.3161,85.6287
10,4,1.0,1.0,8,0.5,1.0,480.0539,134.2308,6,13,1,0.997,89.4095
10,4,1.0,1.0,8,1.0,1.0,472.0958,129.5385,6,13,1,1.0449,89.3357
12,6,1.0,1.0,5,0.5,1.0,470.8804,171.8462,6,13,0,1.3432,90.1118
10,4,1.0,1.5,8,0.5,1.0,466.3419,78.1538,7,13,3,0.858,93.978
12,6,1.0,1.5,8,0.5,0.5,460.4034,122.3077,7,13,0,1.3408,93.2545
8,4,1.0,0.75,3,1.0,1.0,459.081,145.1538,6,13,1,1.1206,88.5303
10,8,1.0,1.5,3,1.0,0.5,458.5005,132.4615,7,13,0,1.4164,90.4329
10,8,1.0,1.5,5,1.0,0.5,453.6129,140.1538,7,13,0,1.3556,90.9461
12,6,1.0,1.5,5,0.5,0.5,452.3284,122.6923,8,13,0,1.3154,93.7014
8,4,1.0,1.5,8,0.5,0.5,451.0962,88.3077,9,13,3,0.7161,95.1356
8,6,1.0,0.75,5,1.0,1.0,450.7359,200.1538,7,13,0,1.1734,89.066
8,4,0.3,1.0,8,1.0,0.5,449.95,212.1538,9,13,0,1.4068,95.361
10,6,1.0,1.0,3,0.5,1.0,449.6351,171.6923,11,13,0,0.8446,94.8936
8,4,0.5,1.0,8,0.5,1.0,443.5832,198.0,9,13,0,1.1096,95.4705
8,8,0.3,1.5,5,0.5,1.0,443.5618,171.3077,8,13,0,1.224,96.0673
8,4,0.3,1.5,3,0.5,1.0,443.1805,108.1538,9,13,0,1.214,97.8713
8,8,0.5,1.5,5,0.5,1.0,441.6111,164.3077,10,13,0,1.256,95.1482
10,6,1.0,1.5,8,1.0,0.5,441.487,129.7692,8,13,0,1.2445,93.4938
10,4,1.0,1.0,8,1.0,0.5,440.716,133.0,6,13,1,1.1339,88.5555
12,6,1.0,1.5,5,1.0,0.5,436.0728,119.3077,8,13,0,1.3215,93.5471
8,4,0.3,1.0,5,0.5,1.0,435.6735,208.4615,9,13,0,1.2749,96.0966
8,4,0.5,1.0,3,1.0,1.0,435.3561,179.7692,9,13,0,1.1885,95.7941
8,6,0.3,1.5,5,0.5,1.0,430.2133,153.0,9,13,0,1.2599,95.4952
8,6,1.0,1.0,3,0.5,1.0,429.0676,172.0769,11,13,0,0.6886,96.3658
12,8,1.0,1.0,8,0.5,1.0,427.7603,178.4615,6,13,0,1.5389,87.0002
10,8,1.0,1.5,8,1.0,0.5,427.3546,142.6154,7,13,0,1.3438,91.9878
12,4,1.0,1.0,8,1.0,0.5,425.9003,123.9231,5,13,1,1.2412,87.5339
8,8,0.3,1.5,3,1.0,1.0,424.7854,156.4615,8,13,0,1.3234,94.734
8,6,0.5,1.5,5,0.5,1.0,423.7709,149.0,9,13,0,1.1936,94.9979
10,4,1.0,1.0,3,0.5,0.5,421.7238,136.3077,5,13,1,1.0856,88.6507
8,4,1.0,1.5,5,1.0,0.5,420.1255,79.6923,8,13,3,0.7616,93.6054
12,4,1.0,1.0,8,0.5,0.5,414.8825,126.7692,5,13,1,1.2142,87.648
8,8,0.3,1.5,8,1.0,1.0,413.0218,170.0,9,13,0,1.2585,95.6351
12,6,1.0,1.5,3,0.5,0.5,412.1938,121.6154,8,13,0,1.2802,94.1591
12,8,1.0,1.5,8,1.0,0.5,410.3074,132.7692,6,13,0,1.4479,91.6923
10,8,1.0,1.5,3,0.5,0.5,407.6432,145.7692,7,13,0,1.3246,90.8494
8,4,1.0,1.5,3,1.0,1.0,407.0737,69.6923,9,13,3,0.6309,94.347
12,6,1.0,1.0,5,1.0,1.0,406.8443,169.5385,6,13,0,1.3772,90.5149
12,4,1.0,1.0,5,0.5,1.0,406.5752,124.5385,5,13,1,1.0777,89.353
8,6,1.0,0.75,3,0.5,1.0,404.7884,196.0,11,13,0,0.6116,94.5461
8,4,1.0,1.5,5,1.0,1.0,403.729,75.7692,9,13,3,0.7134,94.4125
10,4,1.0,1.0,5,0.5,1.0,403.1416,132.2308,6,13,1,0.946,90.1461
10,6,1.0,1.5,5,1.0,0.5,402.2671,127.6154,7,13,0,1.2372,93.196
10,6,1.0,1.5,3,0.5,0.5,401.7625,132.9231,8,13,0,1.2194,93.368
8,8,1.0,1.5,8,0.5,0.5,401.5254,157.6923,7,13,0,1.2767,93.4589
8,6,1.0,1.0,3,1.0,0.5,396.3706,170.4615,6,13,0,1.3437,89.4523
12,8,1.0,1.5,8,0.5,0.5,394.8126,135.2308,6,13,0,1.4384,91.5734
10,6,1.0,1.5,8,0.5,0.5,388.7653,137.4615,8,13,0,1.1952,93.1835
12,6,1.0,1.0,8,0.5,1.0,387.6128,172.4615,6,13,0,1.3979,89.3022
12,8,1.0,1.5,3,1.0,0.5,385.6237,129.1538,6,13,0,1.4334,91.5153
12,4,1.0,1.0,3,1.0,0.5,385.1937,120.3077,5,13,1,1.1993,88.0855
8,8,0.5,1.5,8,1.0,1.0,379.708,162.8462,9,13,0,1.2763,94.5663
8,6,0.3,1.5,3,0.5,1.0,377.368,145.7692,11,13,0,1.0339,97.2686
8,4,0.3,1.0,8,1.0,1.0,377.3222,207.6154,9,13,0,1.3206,95.7946
10,8,1.0,1.5,5,1.0,1.0,376.221,135.9231,8,13,0,1.2477,92.329
8,8,1.0,0.75,3,1.0,1.0,374.5246,195.6154,9,13,0,1.1235,87.9079
10,4,1.0,1.0,8,0.5,0.5,374.1035,140.9231,6,13,1,1.0929,88.3062
10,4,1.0,1.0,5,1.0,0.5,371.4933,130.3846,5,13,1,1.1527,88.0726
10,8,1.0,1.0,3,0.5,1.0,371.4325,177.6923,12,13,0,0.9123,93.4236
8,6,1.0,1.0,5,1.0,1.0,370.7785,174.6154,6,13,0,1.2148,91.6861
12,8,1.0,1.5,5,0.5,0.5,366.8398,135.7692,6,13,0,1.4068,92.1216
10,8,1.0,1.5,5,0.5,1.0,365.5712,142.0769,9,13,0,1.1368,92.9139
10,8,1.0,1.5,8,0.5,1.0,362.6398,144.2308,7,13,0,1.2091,92.9971
8,6,0.5,1.5,3,0.5,1.0,362.1101,141.4615,10,13,0,0.9704,97.0202
12,4,1.0,1.0,5,0.5,0.5,361.2424,127.2308,5,13,1,1.1852,88.7559
10,8,1.0,1.5,8,1.0,1.0,361.1212,139.3077,7,13,0,1.2511,92.7355
8,8,1.0,1.5,5,0.5,0.5,352.4705,158.4615,7,13,0,1.2164,93.1552
12,8,1.0,1.5,5,1.0,0.5,352.1546,132.1538,6,13,0,1.422,91.8482
12,6,1.0,1.5,3,1.0,1.0,348.6747,115.9231,9,13,0,1.2775,94.0858
12,4,1.0,1.0,5,1.0,0.5,345.8135,123.0769,5,13,1,1.2096,87.779
8,4,0.5,1.0,5,0.5,1.0,343.6405,194.7692,10,13,0,1.1202,95.5438
10,6,1.0,1.5,5,0.5,0.5,341.7528,138.2308,8,13,0,1.1504,93.1672
12,6,1.0,1.5,8,1.0,1.0,338.181,119.4615,8,13,0,1.2785,93.5988
12,4,1.0,1.0,8,1.0,1.0,337.931,123.3846,5,13,1,1.1543,87.9277
10,6,1.0,1.5,5,1.0,1.0,334.1422,123.7692,9,13,0,1.1171,94.401
10,4,1.0,1.5,5,0.5,1.0,329.8536,77.0769,7,13,3,0.8696,94.3086
8,4,1.0,1.5,8,1.0,1.0,329.2124,78.4615,8,13,3,0.6532,95.2411
10,6,1.0,1.5,8,1.0,1.0,328.5446,126.5385,8,13,0,1.1487,93.7481
10,4,0.3,1.0,3,0.5,1.0,327.136,201.3077,11,13,0,1.0805,96.8436
8,8,0.5,1.5,3,1.0,1.0,325.989,149.0,9,13,0,1.3309,94.736
8,8,1.0,1.5,3,0.5,0.5,322.0574,151.8462,7,13,0,1.2688,92.151
12,8,1.0,1.5,3,0.5,0.5,320.7237,134.6154,7,13,0,1.3615,92.4214
12,4,1.0,1.0,8,0.5,1.0,320.0679,125.3077,5,13,1,1.1112,88.3486
8,8,1.0,0.75,3,0.5,1.0,319.9923,201.6154,11,13,0,0.5785,94.6913
8,4,0.3,1.0,3,1.0,1.0,317.1318,194.6154,8,13,0,1.3173,95.727
12,4,1.0,1.0,3,1.0,1.0,316.4332,119.6923,5,13,1,1.1515,89.6533
10,6,1.0,1.5,3,1.0,1.0,312.3948,117.7692,8,13,0,1.1267,94.8923
8,8,1.0,1.0,3,1.0,1.0,309.8548,170.3077,8,13,0,1.325,89.5583
8,8,0.3,1.5,3,0.5,1.0,309.6971,162.0769,11,13,0,0.9351,97.0952
12,6,1.0,1.5,5,1.0,1.0,303.4528,118.6154,8,13,0,1.2098,94.0969
8,8,0.5,1.5,3,0.5,1.0,300.6392,154.7692,11,13,0,0.9761,96.8994
12,8,1.0,1.5,8,1.0,1.0,297.6394,132.3846,6,13,0,1.3703,92.1637
8,4,0.5,1.0,3,0.5,1.0,294.6994,185.5385,10,13,0,0.8668,96.9456
10,8,1.0,1.5,3,1.0,1.0,293.0063,129.7692,7,13,0,1.2453,92.3321
12,4,1.0,1.0,3,0.5,0.5,292.5758,126.0,5,13,1,1.123,89.3343
8,8,1.0,1.5,8,1.0,0.5,291.5596,147.7692,7,13,0,1.2849,93.0511
8,8,1.0,1.5,3,1.0,0.5,290.6406,134.6154,7,13,0,1.3268,91.2524
12,6,1.0,1.5,5,0.5,1.0,281.9043,120.7692,8,13,0,1.1857,94.2666
12,8,1.0,1.5,3,1.0,1.0,279.2048,128.6154,6,13,0,1.371,92.5614
10,4,1.0,1.0,5,0.5,0.5,277.9504,141.6154,5,13,1,1.0527,88.3426
8,4,1.0,1.5,5,0.5,0.5,275.3289,89.6923,8,13,3,0.6772,95.1964
8,8,1.0,1.5,5,1.0,0.5,275.2893,143.7692,7,13,0,1.3163,91.6245
12,4,1.0,1.0,3,0.5,1.0,274.7774,122.6923,9,13,1,0.893,92.2672
12,4,1.0,1.0,5,1.0,1.0,272.2983,122.2308,5,13,1,1.1036,88.9741
8,6,1.0,1.5,3,1.0,0.5,268.3557,122.1538,8,13,0,1.1484,94.4715
8,6,1.0,1.5,3,0.5,0.5,265.3073,139.2308,8,13,0,1.075,94.421
8,6,1.0,1.5,8,0.5,0.5,264.0411,144.9231,9,13,0,1.0781,94.6591
12,6,1.0,1.5,8,0.5,1.0,257.6962,121.3077,8,13,0,1.238,93.8286
8,6,1.0,0.75,3,1.0,1.0,251.7494,189.4615,9,13,0,1.1311,88.6135
12,8,1.0,1.0,3,0.5,1.0,248.5092,175.7692,9,13,0,1.2245,92.0518
8,6,1.0,1.5,8,1.0,0.5,246.2181,134.9231,8,13,0,1.1196,95.2047
12,8,1.0,1.5,5,1.0,1.0,244.6854,131.4615,7,13,0,1.294,92.7639
8,4,1.0,1.0,3,1.0,0.5,243.1929,124.6154,6,13,1,1.0303,88.5909
8,6,1.0,1.0,3,1.0,1.0,239.2889,164.6154,7,13,0,1.1852,91.1314
12,4,1.0,0.75,3,0.5,1.0,238.1856,149.7692,6,13,1,1.0731,90.4781
10,6,1.0,1.5,8,0.5,1.0,237.848,131.1538,9,13,0,1.0781,93.6856
12,8,1.0,1.5,5,0.5,1.0,236.2231,133.6923,8,13,0,1.2628,92.8719
12,8,1.0,1.5,8,0.5,1.0,233.7831,134.1538,6,13,0,1.3385,92.1511
8,8,1.0,1.5,8,0.5,1.0,232.1092,149.5385,8,13,0,1.1489,94.3075
8,8,1.0,1.5,5,1.0,1.0,223.3714,138.3077,8,13,0,1.2207,93.1558
12,6,1.0,1.5,3,0.5,1.0,204.1252,118.8462,10,13,0,1.0271,95.8243
10,6,1.0,1.5,5,0.5,1.0,201.8355,129.1538,10,13,0,1.0142,93.8904
8,4,1.0,1.5,8,0.5,1.0,190.7687,82.6923,8,13,3,0.6168,95.7091
8,4,1.0,1.0,5,1.0,0.5,190.722,134.0769,6,13,1,1.0011,89.2475
12,6,1.0,1.0,3,0.5,1.0,186.2,169.5385,8,13,0,1.1445,93.1551
8,6,1.0,1.5,5,0.5,0.5,185.9718,145.6923,9,13,0,1.0281,94.7498
8,8,1.0,1.5,8,1.0,1.0,184.1685,143.1538,8,13,0,1.1765,93.7927
8,6,1.0,1.5,5,1.0,0.5,179.5178,131.3846,8,13,0,1.1282,94.5691
8,4,1.0,0.75,3,0.5,1.0,162.9818,153.2308,10,13,1,0.5708,93.855
8,4,1.0,1.0,8,1.0,0.5,162.2524,138.0769,7,13,1,0.9726,90.3745
10,4,1.0,0.75,3,0.5,1.0,152.3017,151.8462,10,13,1,0.8592,91.7662
8,6,1.0,1.5,5,1.0,1.0,147.9032,126.2308,9,13,0,1.0304,95.4246
8,6,1.0,1.5,3,1.0,1.0,147.4933,117.7692,10,13,0,1.028,95.6772
8,8,1.0,1.5,5,0.5,1.0,147.4088,146.5385,8,13,0,1.0896,94.6254
8,6,1.0,1.5,8,1.0,1.0,142.3131,130.4615,10,13,0,1.0104,95.4821
8,4,1.0,1.0,8,0.5,0.5,136.5957,148.6923,6,13,1,0.9411,90.8195
8,4,0.3,1.0,3,0.5,1.0,136.2802,200.0,11,13,0,0.9568,97.1512
8,4,1.0,1.0,3,0.5,0.5,136.0868,142.3846,6,13,1,0.9335,89.9881
10,4,1.0,1.0,3,0.5,1.0,135.8357,126.2308,10,13,1,0.6816,93.6106
12,8,1.0,1.5,3,0.5,1.0,125.7127,131.9231,10,13,0,1.077,94.9129
8,6,1.0,1.5,8,0.5,1.0,124.3135,136.6923,10,13,0,0.955,95.4383
10,4,1.0,1.5,3,0.5,1.0,121.2471,73.6154,10,13,3,0.5607,97.3647
8,8,1.0,1.5,3,1.0,1.0,119.4445,129.3846,8,13,0,1.1887,93.0789
8,4,1.0,1.0,8,1.0,1.0,113.1314,133.2308,7,13,1,0.8591,91.0995
8,4,1.0,1.0,8,0.5,1.0,102.675,139.7692,7,13,1,0.8503,91.9652
8,4,1.0,1.0,5,1.0,1.0,102.1428,129.0,8,13,1,0.8838,91.3315
10,8,1.0,1.5,3,0.5,1.0,102.0984,135.5385,10,13,0,0.8356,95.6718
8,4,1.0,1.0,5,0.5,0.5,85.4885,149.0769,6,13,1,0.9029,90.4331
8,4,1.0,1.5,5,0.5,1.0,83.6027,81.2308,10,13,3,0.6869,96.7382
8,4,1.0,1.0,3,1.0,1.0,70.1781,120.2308,8,13,1,0.8869,91.7587
8,6,1.0,1.5,5,0.5,1.0,64.592,133.9231,10,13,0,0.8865,96.399
8,6,1.0,1.5,3,0.5,1.0,62.6009,124.8462,11,13,0,0.6208,97.4648
10,6,1.0,1.5,3,0.5,1.0,52.755,123.1538,11,13,0,0.7697,96.5774
8,8,1.0,1.5,3,0.5,1.0,50.781,136.3077,11,13,0,0.7349,96.6491
8,4,1.0,1.5,3,0.5,1.0,31.353,76.0,11,13,3,0.2682,97.5997
8,4,1.0,1.0,5,0.5,1.0,17.1166,137.0,8,13,1,0.7888,93.1173
8,4,1.0,1.0,3,0.5,1.0,-48.0225,128.7692,12,13,1,0.4046,96.099
