Coin,Strategy,Jun'25,Jul'25,Aug'25,Sep'25,Oct'25,Nov'25,Dec'25,Jan'26,Feb'26,Mar'26,Apr'26,May'26,Full Year
PURR,Buy Hold,0.057,-0.149,-0.043,0.248,-0.323,-0.363,-0.298,0.243,0.008,0.031,-0.138,0.443,-0.509
PURR,Long Returns,0.004,-0.031,-0.079,0.114,-0.174,-0.353,0.171,0.378,-0.165,0.372,0.126,0.877,1.153
PURR,Long Trades,50,22,22,29,32,25,13,24,22,14,11,18,280
PURR,Long Win Rate,0.320,0.360,0.360,0.310,0.380,0.280,0.380,0.460,0.320,0.500,0.640,0.560,0.380
PURR,Short Returns,-0.141,0.008,-0.088,0.050,0.156,0.008,0.356,-0.027,-0.185,0.289,0.307,0.299,1.891
PURR,Short Trades,73,45,48,46,55,48,31,40,34,24,19,32,492
PURR,Short Win Rate,0.370,0.380,0.400,0.460,0.360,0.440,0.450,0.320,0.440,0.540,0.370,0.410,0.410
PURR,Long/Short Returns,-0.329,-0.119,-0.296,0.067,-0.263,-0.420,-0.090,0.192,-0.413,0.918,0.372,1.356,0.224
PURR,Long/Short Trades,73,44,48,49,60,55,36,44,38,22,19,30,544
PURR,Long/Short Win Rate,0.360,0.390,0.290,0.410,0.280,0.350,0.360,0.340,0.320,0.730,0.630,0.530,0.380
PURR,Hybrid Returns,-0.106,-0.159,-0.104,0.017,0.177,-0.108,0.247,-0.005,-0.179,0.362,0.150,0.180,0.758
PURR,Hybrid Trades,69,43,41,44,48,46,29,36,30,21,18,32,481
PURR,Hybrid Win Rate,0.360,0.300,0.370,0.430,0.330,0.390,0.410,0.330,0.400,0.620,0.330,0.380,0.380
FARTCOIN,Buy Hold,0.070,0.193,-0.180,-0.196,-0.483,0.028,-0.132,-0.178,-0.275,0.040,0.132,-0.126,-0.839
FARTCOIN,Long Returns,-0.111,0.252,-0.137,0.038,0.115,0.063,0.093,-0.131,0.028,-0.015,0.017,-0.163,-0.110
FARTCOIN,Long Trades,37,21,7,19,25,37,27,29,21,25,21,17,285
FARTCOIN,Long Win Rate,0.350,0.380,0.140,0.420,0.360,0.350,0.480,0.240,0.240,0.400,0.380,0.290,0.340
FARTCOIN,Short Returns,-0.087,-0.188,0.062,0.068,0.644,0.347,0.224,0.040,0.362,0.012,-0.166,0.044,3.694
FARTCOIN,Short Trades,58,45,12,38,46,61,47,50,35,43,40,29,501
FARTCOIN,Short Win Rate,0.330,0.330,0.250,0.320,0.390,0.390,0.450,0.400,0.430,0.400,0.300,0.310,0.370
FARTCOIN,Long/Short Returns,-0.139,0.014,-0.139,0.213,0.088,0.484,-0.279,-0.084,-0.050,-0.229,-0.097,0.008,0.244
FARTCOIN,Long/Short Trades,58,41,9,34,52,59,47,52,43,45,38,30,535
FARTCOIN,Long/Short Win Rate,0.330,0.390,0.110,0.350,0.310,0.420,0.340,0.330,0.330,0.360,0.340,0.230,0.350
FARTCOIN,Hybrid Returns,-0.011,-0.241,-0.090,-0.359,0.664,0.194,0.275,-0.008,0.211,0.039,0.023,-0.270,0.054
FARTCOIN,Hybrid Trades,54,43,9,30,42,58,43,47,30,40,34,29,487
FARTCOIN,Hybrid Win Rate,0.310,0.280,0.220,0.230,0.360,0.340,0.420,0.380,0.430,0.380,0.350,0.280,0.350
ADA,Buy Hold,-0.162,0.299,0.108,-0.010,-0.245,-0.304,-0.200,-0.134,-0.042,-0.148,0.016,-0.026,-0.651
ADA,Long Returns,0.041,0.262,-0.109,-0.037,-0.114,-0.171,-0.051,-0.032,-0.069,0.044,-0.100,-0.018,-0.385
ADA,Long Trades,6,13,17,7,13,14,11,9,14,7,8,5,124
ADA,Long Win Rate,0.330,0.620,0.350,0.430,0.310,0.210,0.180,0.440,0.360,0.570,0.380,0.400,0.360
ADA,Short Returns,0.024,-0.052,-0.075,0.001,0.335,0.173,0.131,0.208,0.209,0.139,0.020,0.046,1.856
ADA,Short Trades,21,28,29,14,20,28,20,19,22,18,10,8,237
ADA,Short Win Rate,0.290,0.430,0.340,0.290,0.500,0.460,0.350,0.470,0.590,0.500,0.500,0.500,0.420
ADA,Long/Short Returns,0.197,0.097,-0.248,0.057,-0.002,-0.222,-0.065,-0.059,-0.122,0.184,-0.160,-0.024,-0.402
ADA,Long/Short Trades,16,27,27,12,23,34,22,19,28,17,12,11,266
ADA,Long/Short Win Rate,0.500,0.440,0.260,0.500,0.390,0.320,0.270,0.320,0.360,0.530,0.250,0.550,0.370
ADA,Hybrid Returns,0.082,0.009,-0.061,-0.003,0.359,0.162,0.136,0.313,0.224,0.117,-0.032,0.010,1.946
ADA,Hybrid Trades,17,27,25,11,19,27,18,16,21,15,9,9,231
ADA,Hybrid Win Rate,0.410,0.410,0.320,0.270,0.530,0.480,0.330,0.620,0.570,0.530,0.440,0.440,0.440
APT,Buy Hold,0.037,-0.113,-0.008,0.032,-0.260,-0.382,-0.163,-0.246,-0.245,-0.076,0.111,-0.021,-0.794
APT,Long Returns,0.147,0.068,0.063,0.001,0.015,-0.169,-0.288,-0.121,0.051,-0.053,-0.106,-0.111,-0.362
APT,Long Trades,10,10,6,8,18,20,19,11,14,13,11,12,148
APT,Long Win Rate,0.400,0.600,0.500,0.500,0.390,0.300,0.210,0.270,0.360,0.310,0.270,0.250,0.340
APT,Short Returns,0.016,0.131,-0.048,0.085,0.482,0.347,0.081,0.167,0.368,0.071,-0.092,0.010,3.139
APT,Short Trades,21,26,24,13,31,38,30,26,32,26,20,20,306
APT,Short Win Rate,0.240,0.420,0.330,0.460,0.420,0.450,0.500,0.350,0.500,0.500,0.400,0.450,0.420
APT,Long/Short Returns,0.159,0.147,0.040,0.088,0.170,0.100,-0.198,0.016,0.390,0.054,-0.204,-0.159,0.909
APT,Long/Short Trades,19,24,20,11,37,42,36,22,32,24,20,22,322
APT,Long/Short Win Rate,0.320,0.460,0.400,0.450,0.320,0.360,0.280,0.360,0.440,0.500,0.250,0.320,0.370
APT,Hybrid Returns,-0.015,0.086,-0.094,0.093,0.484,0.323,0.117,0.216,0.253,0.060,-0.144,-0.007,1.519
APT,Hybrid Trades,18,24,22,10,29,36,25,23,30,24,19,18,298
APT,Hybrid Win Rate,0.280,0.420,0.320,0.400,0.380,0.440,0.560,0.390,0.470,0.500,0.370,0.440,0.400
ARB,Buy Hold,0.014,0.156,0.267,-0.154,-0.299,-0.271,-0.114,-0.262,-0.290,-0.070,0.334,-0.122,-0.680
ARB,Long Returns,0.043,0.326,0.369,-0.090,-0.008,-0.168,-0.119,-0.263,0.094,-0.078,0.061,0.029,0.096
ARB,Long Trades,19,16,15,10,14,18,14,15,14,13,15,10,170
ARB,Long Win Rate,0.260,0.440,0.400,0.300,0.210,0.170,0.360,0.130,0.430,0.380,0.470,0.400,0.340
ARB,Short Returns,-0.010,0.132,0.041,0.017,0.500,0.116,-0.058,0.021,0.629,-0.015,-0.153,0.015,2.014
ARB,Short Trades,33,31,33,21,28,36,25,26,25,20,23,22,319
ARB,Short Win Rate,0.330,0.480,0.480,0.430,0.540,0.330,0.320,0.380,0.520,0.400,0.300,0.410,0.410
ARB,Long/Short Returns,0.250,0.320,0.106,0.051,0.381,0.078,-0.348,-0.244,0.400,0.083,-0.039,-0.028,1.226
ARB,Long/Short Trades,32,32,33,18,25,35,26,28,29,19,23,21,335
ARB,Long/Short Win Rate,0.380,0.500,0.360,0.440,0.520,0.340,0.230,0.210,0.450,0.470,0.430,0.330,0.390
ARB,Hybrid Returns,0.015,0.110,0.064,0.062,0.489,0.113,-0.044,0.005,0.605,-0.015,-0.173,0.012,1.822
ARB,Hybrid Trades,30,29,30,18,25,35,22,23,23,17,21,22,308
ARB,Hybrid Win Rate,0.370,0.410,0.430,0.440,0.560,0.340,0.320,0.350,0.480,0.350,0.240,0.410,0.400
AVAX,Buy Hold,-0.137,0.252,0.055,0.277,-0.394,-0.236,-0.104,-0.191,-0.089,-0.031,0.018,0.006,-0.561
AVAX,Long Returns,0.003,0.302,0.202,0.175,-0.248,-0.080,-0.055,-0.036,0.086,0.092,-0.066,-0.082,0.145
AVAX,Long Trades,9,13,9,14,15,11,9,7,10,5,8,6,115
AVAX,Long Win Rate,0.440,0.540,0.780,0.360,0.200,0.360,0.440,0.430,0.400,1.000,0.250,0.170,0.430
AVAX,Short Returns,0.099,0.023,0.007,-0.043,0.347,0.301,0.015,0.126,0.315,0.074,-0.013,-0.016,2.198
AVAX,Short Trades,24,25,25,25,25,26,18,16,17,16,12,11,237
AVAX,Short Win Rate,0.420,0.400,0.440,0.240,0.440,0.460,0.390,0.440,0.650,0.380,0.580,0.270,0.420
AVAX,Long/Short Returns,0.071,0.188,0.004,0.289,-0.035,0.328,-0.105,0.043,0.236,0.204,-0.080,-0.090,1.606
AVAX,Long/Short Trades,20,25,22,23,29,27,20,13,22,10,13,12,245
AVAX,Long/Short Win Rate,0.450,0.520,0.450,0.350,0.310,0.480,0.400,0.460,0.450,0.900,0.380,0.250,0.430
AVAX,Hybrid Returns,0.174,0.051,-0.034,0.025,0.465,0.292,0.031,0.111,0.280,0.110,-0.032,-0.010,2.480
AVAX,Hybrid Trades,20,23,21,21,21,25,17,14,16,14,11,11,225
AVAX,Hybrid Win Rate,0.550,0.430,0.430,0.290,0.520,0.480,0.410,0.500,0.620,0.360,0.550,0.360,0.440
BCH,Buy Hold,0.214,0.112,-0.025,0.024,-0.030,0.023,0.108,-0.176,-0.088,0.021,-0.055,-0.221,-0.171
BCH,Long Returns,0.106,0.048,0.033,0.093,-0.040,-0.114,0.070,-0.055,0.053,-0.076,-0.029,-0.077,-0.101
BCH,Long Trades,8,9,7,3,11,15,7,4,10,5,2,4,84
BCH,Long Win Rate,0.620,0.440,0.570,0.670,0.360,0.330,0.570,0.250,0.500,0.200,0.500,0.250,0.400
BCH,Short Returns,-0.018,-0.009,0.084,-0.025,0.113,-0.008,0.005,0.111,0.137,-0.106,0.074,0.181,0.505
BCH,Short Trades,16,14,12,8,15,27,18,14,20,11,3,6,163
BCH,Short Win Rate,0.380,0.570,0.420,0.120,0.400,0.520,0.440,0.430,0.400,0.180,1.000,0.500,0.420
BCH,Long/Short Returns,0.090,0.022,-0.010,0.131,-0.035,-0.200,-0.102,-0.055,0.106,-0.170,-0.064,0.173,-0.258
BCH,Long/Short Trades,13,16,13,5,20,32,15,12,16,10,4,7,174
BCH,Long/Short Win Rate,0.540,0.560,0.380,0.400,0.300,0.410,0.330,0.420,0.440,0.100,0.250,0.570,0.370
BCH,Hybrid Returns,-0.103,0.007,0.096,0.042,0.099,-0.013,-0.082,0.115,0.133,-0.110,0.018,0.148,0.225
BCH,Hybrid Trades,17,15,7,5,15,27,17,11,19,9,3,6,160
BCH,Hybrid Win Rate,0.350,0.470,0.570,0.200,0.400,0.560,0.350,0.450,0.370,0.110,0.670,0.500,0.420
CRV,Buy Hold,-0.208,0.810,-0.181,-0.097,-0.298,-0.122,-0.134,-0.211,-0.124,-0.133,0.069,-0.069,-0.671
CRV,Long Returns,-0.084,0.450,-0.192,-0.103,-0.011,-0.219,-0.113,-0.129,0.149,-0.050,-0.069,-0.120,-0.505
CRV,Long Trades,20,24,20,13,19,24,15,15,12,13,13,11,197
CRV,Long Win Rate,0.400,0.460,0.300,0.380,0.370,0.290,0.330,0.200,0.420,0.460,0.310,0.180,0.350
CRV,Short Returns,0.114,-0.490,-0.072,0.113,0.644,-0.066,0.009,0.079,0.270,0.139,0.075,-0.049,0.587
CRV,Short Trades,33,48,37,22,31,38,28,28,25,21,17,20,346
CRV,Short Win Rate,0.390,0.250,0.410,0.450,0.420,0.320,0.390,0.390,0.440,0.570,0.530,0.250,0.380
CRV,Long/Short Returns,0.075,0.033,-0.305,0.140,0.374,0.039,-0.281,-0.074,0.094,0.037,-0.165,-0.160,-0.336
CRV,Long/Short Trades,36,43,42,20,34,38,34,28,30,21,22,21,387
CRV,Long/Short Win Rate,0.420,0.230,0.240,0.500,0.440,0.420,0.260,0.320,0.300,0.570,0.320,0.240,0.350
CRV,Hybrid Returns,0.181,-0.472,-0.174,0.118,0.656,-0.045,0.049,0.190,0.207,0.134,-0.006,-0.051,0.536
CRV,Hybrid Trades,31,46,33,19,30,36,24,23,24,19,16,19,338
CRV,Hybrid Win Rate,0.450,0.220,0.330,0.470,0.430,0.360,0.460,0.520,0.420,0.470,0.500,0.260,0.390
DOT,Buy Hold,-0.165,0.085,0.025,0.042,-0.264,-0.215,-0.196,-0.150,0.069,-0.249,-0.041,0.038,-0.694
DOT,Long Returns,-0.049,0.104,-0.000,0.107,0.048,-0.181,-0.153,-0.030,0.123,-0.108,-0.077,-0.017,-0.267
DOT,Long Trades,5,13,11,6,12,18,10,11,15,9,7,7,122
DOT,Long Win Rate,0.400,0.460,0.360,0.500,0.330,0.220,0.200,0.270,0.270,0.220,0.290,0.430,0.320
DOT,Short Returns,0.099,0.025,0.076,-0.064,0.542,0.203,0.133,0.151,0.101,0.083,-0.006,-0.018,2.334
DOT,Short Trades,16,27,16,17,20,34,19,19,27,22,15,19,250
DOT,Short Win Rate,0.560,0.480,0.560,0.240,0.500,0.500,0.580,0.470,0.480,0.410,0.530,0.260,0.460
DOT,Long/Short Returns,-0.026,0.111,-0.105,0.263,0.347,-0.023,-0.186,-0.114,0.145,0.052,-0.171,-0.022,0.237
DOT,Long/Short Trades,17,27,20,11,23,35,22,20,25,16,16,17,263
DOT,Long/Short Win Rate,0.530,0.520,0.300,0.640,0.480,0.370,0.360,0.350,0.400,0.380,0.310,0.290,0.410
DOT,Hybrid Returns,0.081,0.042,0.015,0.007,0.570,0.199,0.120,0.118,0.117,0.001,0.007,0.007,1.991
DOT,Hybrid Trades,15,24,17,14,17,33,18,18,25,18,14,18,246
DOT,Hybrid Win Rate,0.600,0.460,0.530,0.290,0.530,0.520,0.500,0.500,0.520,0.330,0.500,0.330,0.470
INJ,Buy Hold,-0.107,0.233,-0.026,-0.058,-0.366,-0.229,-0.260,-0.155,-0.133,-0.083,0.186,0.661,-0.532
INJ,Long Returns,-0.054,0.327,0.069,-0.035,-0.123,-0.116,-0.193,-0.089,-0.192,0.035,-0.048,0.237,-0.311
INJ,Long Trades,20,16,16,9,17,26,13,14,18,6,14,20,189
INJ,Long Win Rate,0.300,0.380,0.440,0.330,0.240,0.230,0.230,0.290,0.330,0.170,0.290,0.500,0.310
INJ,Short Returns,0.106,-0.135,-0.042,-0.021,0.479,0.017,0.230,0.108,-0.124,0.065,-0.090,-0.205,0.344
INJ,Short Trades,36,41,37,19,29,50,24,26,31,17,21,37,366
INJ,Short Win Rate,0.420,0.370,0.350,0.370,0.450,0.380,0.420,0.350,0.450,0.470,0.330,0.320,0.390
INJ,Long/Short Returns,0.180,0.141,0.080,-0.002,0.206,-0.046,-0.280,-0.102,-0.299,0.115,-0.077,-0.022,-0.165
INJ,Long/Short Trades,34,34,31,17,28,49,30,24,36,12,20,31,366
INJ,Long/Short Win Rate,0.350,0.410,0.520,0.410,0.390,0.310,0.200,0.380,0.330,0.420,0.350,0.390,0.370
INJ,Hybrid Returns,0.178,-0.104,-0.114,0.067,0.546,0.030,0.278,0.329,-0.187,0.008,-0.152,-0.214,0.294
INJ,Hybrid Trades,31,39,32,15,25,47,20,21,30,16,20,35,351
INJ,Hybrid Win Rate,0.420,0.360,0.310,0.400,0.480,0.380,0.450,0.480,0.400,0.440,0.300,0.310,0.390
LIDO,Buy Hold,-0.105,0.293,0.271,-0.083,-0.194,-0.250,-0.104,-0.280,-0.274,0.073,0.103,-0.063,-0.588
LIDO,Long Returns,0.063,0.392,0.225,-0.010,0.114,-0.124,-0.064,-0.154,-0.051,0.088,0.182,-0.209,0.260
LIDO,Long Trades,16,17,17,10,21,20,14,12,13,10,18,11,179
LIDO,Long Win Rate,0.250,0.530,0.350,0.500,0.480,0.250,0.290,0.250,0.310,0.600,0.390,0.270,0.370
LIDO,Short Returns,0.014,-0.051,0.096,0.001,0.472,0.210,0.101,0.078,0.377,0.059,-0.071,-0.014,2.166
LIDO,Short Trades,31,37,29,24,29,34,22,24,26,18,34,18,324
LIDO,Short Win Rate,0.290,0.350,0.450,0.380,0.480,0.410,0.450,0.330,0.580,0.280,0.320,0.280,0.390
LIDO,Long/Short Returns,0.408,0.378,0.426,-0.027,0.185,0.018,-0.201,-0.001,0.091,0.207,0.056,-0.297,2.156
LIDO,Long/Short Trades,27,29,28,24,38,40,26,25,30,16,34,22,355
LIDO,Long/Short Win Rate,0.330,0.620,0.430,0.460,0.390,0.300,0.310,0.360,0.400,0.560,0.350,0.320,0.410
LIDO,Hybrid Returns,0.258,-0.053,0.085,-0.045,0.444,0.207,0.164,0.054,0.252,0.049,-0.146,-0.024,2.075
LIDO,Hybrid Trades,27,31,26,21,26,32,18,21,25,15,32,18,309
LIDO,Hybrid Win Rate,0.330,0.350,0.380,0.290,0.460,0.440,0.500,0.380,0.480,0.330,0.310,0.280,0.380
OP,Buy Hold,-0.130,0.187,0.048,-0.033,-0.405,-0.189,-0.161,-0.144,-0.481,-0.099,0.082,0.065,-0.804
OP,Long Returns,0.099,0.407,0.175,-0.045,-0.009,-0.097,-0.119,0.061,-0.044,-0.102,0.022,0.045,0.248
OP,Long Trades,12,18,13,10,15,20,13,12,14,12,13,10,160
OP,Long Win Rate,0.580,0.390,0.460,0.500,0.330,0.300,0.150,0.250,0.430,0.330,0.380,0.200,0.350
OP,Short Returns,0.060,0.064,0.063,-0.022,0.738,-0.024,0.057,0.182,0.896,-0.013,-0.010,0.031,4.337
OP,Short Trades,32,38,30,22,26,41,23,27,31,22,21,22,333
OP,Short Win Rate,0.470,0.390,0.470,0.270,0.500,0.340,0.430,0.440,0.520,0.270,0.430,0.360,0.410
OP,Long/Short Returns,0.308,0.351,0.054,0.058,0.323,0.003,-0.273,-0.067,0.540,0.057,-0.035,0.216,2.864
OP,Long/Short Trades,26,35,27,17,31,39,29,27,33,20,24,19,341
OP,Long/Short Win Rate,0.580,0.460,0.370,0.410,0.420,0.330,0.240,0.260,0.480,0.350,0.420,0.470,0.400
OP,Hybrid Returns,0.312,0.074,0.068,0.041,0.756,-0.052,0.095,0.081,0.873,0.008,-0.026,0.073,4.906
OP,Hybrid Trades,26,34,26,18,24,40,19,26,29,19,19,22,320
OP,Hybrid Win Rate,0.580,0.380,0.500,0.280,0.540,0.300,0.530,0.420,0.520,0.320,0.420,0.360,0.420
TRUMP,Buy Hold,-0.210,0.016,-0.028,-0.143,0.081,-0.243,-0.199,-0.126,-0.180,-0.133,-0.209,-0.153,-0.820
TRUMP,Long Returns,0.020,0.052,-0.013,-0.038,0.492,0.017,-0.092,-0.079,-0.095,0.017,-0.152,-0.090,-0.149
TRUMP,Long Trades,5,10,8,2,10,9,3,5,14,10,8,6,91
TRUMP,Long Win Rate,0.400,0.400,0.380,0.500,0.600,0.220,0.000,0.200,0.430,0.400,0.250,0.170,0.350
TRUMP,Short Returns,0.293,0.074,-0.071,0.136,0.469,0.466,0.117,-0.035,0.346,0.289,0.210,0.033,7.604
TRUMP,Short Trades,11,22,16,6,17,20,7,11,17,20,14,11,167
TRUMP,Short Win Rate,0.450,0.410,0.310,0.500,0.470,0.650,0.430,0.360,0.470,0.600,0.640,0.450,0.510
TRUMP,Long/Short Returns,0.237,0.103,-0.153,0.096,0.856,0.164,0.076,0.036,-0.044,0.321,-0.060,-0.100,2.160
TRUMP,Long/Short Trades,10,24,14,4,16,24,7,10,26,20,14,15,192
TRUMP,Long/Short Win Rate,0.600,0.420,0.210,0.500,0.560,0.460,0.430,0.400,0.350,0.600,0.430,0.130,0.420
TRUMP,Hybrid Returns,0.299,0.071,-0.156,0.087,0.501,0.220,0.135,0.131,0.278,0.121,0.131,0.031,5.050
TRUMP,Hybrid Trades,9,20,15,3,16,21,6,8,18,17,13,10,162
TRUMP,Hybrid Win Rate,0.560,0.450,0.200,0.670,0.500,0.570,0.500,0.500,0.390,0.470,0.620,0.400,0.480
