timestamp,asset,mark_px,funding_ann_pct
2026-05-06T00,AMZN,272.24,69.0314
2026-05-06T00,BTC,80989,5.9494
2026-05-06T00,GOLD,4602.8,5.475
2026-05-06T00,HYPE,43.826,10.3613
2026-05-06T00,OIL,101.07,5.475
2026-05-06T01,AMZN,272.42,37.1932
2026-05-06T01,BTC,81216,6.2498
2026-05-06T01,GOLD,4623.2,5.475
2026-05-06T01,HYPE,43.929,2.0216000000000003
2026-05-06T01,OIL,101.04,-7.5661000000000005
2026-05-06T02,AMZN,272.39,48.7736
2026-05-06T02,BTC,81163,-1.7565999999999997
2026-05-06T02,GOLD,4632.6,5.475
2026-05-06T02,HYPE,43.962,-42.9487
2026-05-06T02,OIL,100.43,-28.9699
2026-05-06T03,AMZN,272.41,42.6104
2026-05-06T03,BTC,81574,6.4724
2026-05-06T03,GOLD,4645.4,5.475
2026-05-06T03,HYPE,44.093,-18.8184
2026-05-06T03,OIL,100.83,-31.741999999999997
2026-05-06T05,AMZN,272.9,24.1393
2026-05-06T05,BTC,81211,0.26180000000000003
2026-05-06T05,GOLD,4652.4,5.475
2026-05-06T05,HYPE,44.097,-41.1996
2026-05-06T05,OIL,100.93,-26.5841
2026-05-06T06,AMZN,273.02,29.457100000000004
2026-05-06T06,BTC,81293,10.1131
2026-05-06T06,GOLD,4665.7,5.475
2026-05-06T06,HYPE,44.105,10.95
2026-05-06T06,OIL,100.52,-27.315299999999997
2026-05-06T07,AMZN,273.09,37.1774
2026-05-06T07,BTC,81544,10.95
2026-05-06T07,GOLD,4665.4,5.475
2026-05-06T07,HYPE,44.352,10.95
2026-05-06T07,OIL,100.29,-32.4111
2026-05-06T08,AMZN,272.82,49.7875
2026-05-06T08,BTC,81529,10.95
2026-05-06T08,GOLD,4679.5,5.475
2026-05-06T08,HYPE,44.296,-10.0098
2026-05-06T08,OIL,98.925,-9.9504
2026-05-06T09,AMZN,274.76,19.1146
2026-05-06T09,BTC,81691,10.95
2026-05-06T09,GOLD,4698.5,5.475
2026-05-06T09,HYPE,43.754,4.8184
2026-05-06T09,OIL,95.296,-28.7129
2026-05-06T10,AMZN,276.44,53.7312
2026-05-06T10,BTC,82183,10.95
2026-05-06T10,GOLD,4703.7,5.475
2026-05-06T10,HYPE,44.3,-9.088899999999999
2026-05-06T10,OIL,92.304,-27.0147
2026-05-06T11,AMZN,276.56,61.8241
2026-05-06T11,BTC,82646,10.95
2026-05-06T11,GOLD,4711.9,5.475
2026-05-06T11,HYPE,44.594,-15.682199999999998
2026-05-06T11,OIL,90.479,-19.2366
2026-05-06T12,AMZN,275.1,27.0469
2026-05-06T12,BTC,82393,6.1092
2026-05-06T12,GOLD,4685.3,5.475
2026-05-06T12,HYPE,44.317,-21.8978
2026-05-06T12,OIL,94.201,-14.09
2026-05-06T13,AMZN,272.67,35.9375
2026-05-06T13,BTC,81853,4.2725
2026-05-06T13,GOLD,4685.3,5.475
2026-05-06T13,HYPE,44.118,-8.5269
2026-05-06T13,OIL,96.401,-19.35
2026-05-06T14,AMZN,273.98,26.3034
2026-05-06T14,BTC,81645,10.95
2026-05-06T14,GOLD,4709.8,5.475
2026-05-06T14,HYPE,43.711,10.95
2026-05-06T14,OIL,95.041,-37.2714
2026-05-06T15,AMZN,274.35,35.5287
2026-05-06T15,BTC,81706,10.95
2026-05-06T15,GOLD,4698.1,5.475
2026-05-06T15,HYPE,43.51,10.95
2026-05-06T15,OIL,94.854,-42.2795
2026-05-06T16,AMZN,275.78,28.157500000000002
2026-05-06T16,BTC,81533,10.95
2026-05-06T16,GOLD,4687.9,5.475
2026-05-06T16,HYPE,43.536,10.95
2026-05-06T16,OIL,94.825,-43.0296
2026-05-06T18,AMZN,276.85,47.5873
2026-05-06T18,BTC,81470,2.5166999999999997
2026-05-06T18,GOLD,4689.2,5.475
2026-05-06T18,HYPE,43.057,10.95
2026-05-06T18,OIL,94.77,-46.2793
2026-05-06T19,AMZN,276.56,48.478300000000004
2026-05-06T19,BTC,81250,6.7126
2026-05-06T19,GOLD,4700.3,5.475
2026-05-06T19,HYPE,43.228,10.95
2026-05-06T19,OIL,94.841,-94.0082
2026-05-06T20,AMZN,275.25,31.0255
2026-05-06T20,BTC,81654,10.95
2026-05-06T20,GOLD,4695.4,5.475
2026-05-06T20,HYPE,43.417,10.95
2026-05-06T20,OIL,95.314,-94.793
2026-05-06T21,AMZN,275.07,12.9951
2026-05-06T21,BTC,81405,7.677200000000001
2026-05-06T21,GOLD,4693.3,21.4475
2026-05-06T21,HYPE,43.231,10.95
2026-05-06T21,OIL,95.835,-151.072
2026-05-06T22,AMZN,275.11,23.1335
2026-05-06T22,BTC,81221,3.2914
2026-05-06T22,GOLD,4697.6,5.475
2026-05-06T22,HYPE,43.095,10.95
2026-05-06T22,OIL,95.531,-163.2828
2026-05-06T23,AMZN,275.01,17.5589
2026-05-06T23,BTC,81336,9.0322
2026-05-06T23,GOLD,4694.5,5.475
2026-05-06T23,HYPE,43.06,10.95
2026-05-06T23,OIL,95.723,-131.5478
2026-05-07T00,AMZN,274.68,40.4829
2026-05-07T00,BTC,81225,6.0938
2026-05-07T00,GOLD,4695,5.475
2026-05-07T00,HYPE,42.933,10.95
2026-05-07T00,OIL,96.033,-110.9751
2026-05-07T01,AMZN,274.62,9.268899999999999
2026-05-07T01,BTC,81120,6.6895999999999995
2026-05-07T01,GOLD,4706.1,5.475
2026-05-07T01,HYPE,42.874,10.95
2026-05-07T01,OIL,95.439,-135.5927
2026-05-07T02,AMZN,274.92,15.2256
2026-05-07T02,BTC,80857,-0.2668
2026-05-07T02,GOLD,4704.9,5.475
2026-05-07T02,HYPE,42.656,10.95
2026-05-07T02,OIL,95.317,-130.9562
2026-05-12T15,AMZN,264.68,5.475
2026-05-12T15,BTC,80313,7.229299999999999
2026-05-12T15,GOLD,4666.8,7.213500000000001
2026-05-12T15,HYPE,40.376,10.95
2026-05-12T15,OIL,98.944,-304.3311
2026-05-12T17,AMZN,264.41,5.475
2026-05-12T17,BTC,80381,8.7758
2026-05-12T17,GOLD,4683,5.475
2026-05-12T17,HYPE,40.121,10.95
2026-05-12T17,OIL,98.661,-342.29949999999997
2026-05-12T18,AMZN,264.7,9.0959
2026-05-12T18,BTC,80462,7.501099999999999
2026-05-12T18,GOLD,4688.3,6.4261
2026-05-12T18,HYPE,40.299,10.95
2026-05-12T18,OIL,99.256,-373.8375
2026-05-12T19,AMZN,265.32,14.3299
2026-05-12T19,BTC,80711,7.756200000000001
2026-05-12T19,GOLD,4705,5.475
2026-05-12T19,HYPE,40.329,10.95
2026-05-12T19,OIL,99.248,-430.0832
2026-05-12T20,AMZN,265.35,26.090999999999998
2026-05-12T20,BTC,80766,5.972
2026-05-12T20,GOLD,4714.7,5.475
2026-05-12T20,HYPE,40.311,10.95
2026-05-12T20,OIL,99.177,-442.9667
2026-05-12T21,AMZN,266.76,16.633200000000002
2026-05-12T21,BTC,80600,5.974
2026-05-12T21,GOLD,4713.6,5.1478
2026-05-12T21,HYPE,40.347,10.95
2026-05-12T21,OIL,99.14,-233.4079
2026-05-13T00,AMZN,267.45,60.305600000000005
2026-05-13T00,BTC,80674,2.1025
2026-05-13T00,GOLD,4726.6,6.0725
2026-05-13T00,HYPE,40.089,10.95
2026-05-13T00,OIL,98.384,-100.8242
2026-05-13T01,AMZN,267.25,45.710499999999996
2026-05-13T01,BTC,81031,5.125
2026-05-13T01,GOLD,4707.5,10.7806
2026-05-13T01,HYPE,40.598,10.95
2026-05-13T01,OIL,98.181,-93.5861
2026-05-13T15,AMZN,267,21.5369
2026-05-13T15,BTC,79201,5.272600000000001
2026-05-13T15,GOLD,4692.2,18.2226
2026-05-13T15,HYPE,38.93,10.95
2026-05-13T15,OIL,98.671,-330.978
2026-05-13T15,AMZN,268.11,20.0516
2026-05-13T15,BTC,79288,6.539599999999999
2026-05-13T15,GOLD,4701.7,17.877299999999998
2026-05-13T15,HYPE,38.974,10.95
2026-05-13T15,OIL,98.129,-332.3217
2026-05-13T16,AMZN,269.57,23.183500000000002
2026-05-13T16,BTC,78970,10.95
2026-05-13T16,GOLD,4707,8.7721
2026-05-13T16,HYPE,39.177,13.8934
2026-05-13T16,OIL,97.09,-327.56219999999996
